2026-07-14 00:22:07 [INFO ] : HV000001: Hibernate Validator 9.1.0.Final
2026-07-14 00:22:07 [INFO ] : Starting BlogServerJavaApplication using Java 21.0.11 with PID 22112 (D:\study\project\blog-server-java\target\classes started by Admin in D:\study\project\blog-server-java)
2026-07-14 00:22:07 [INFO ] : No active profile set, falling back to 1 default profile: "default"
2026-07-14 00:22:07 [INFO ] : Devtools property defaults active! Set 'spring.devtools.add-properties' to 'false' to disable
2026-07-14 00:22:07 [INFO ] : For additional web related logging consider setting the 'logging.level.web' property to 'DEBUG'
2026-07-14 00:22:07 [INFO ] : HV000001: Hibernate Validator 9.1.0.Final
2026-07-14 00:22:07 [INFO ] : Starting BlogServerJavaApplication using Java 21.0.11 with PID 12968 (D:\study\project\blog-server-java\target\classes started by Admin in D:\study\project\blog-server-java)
2026-07-14 00:22:07 [INFO ] : No active profile set, falling back to 1 default profile: "default"
2026-07-14 00:22:07 [INFO ] : Devtools property defaults active! Set 'spring.devtools.add-properties' to 'false' to disable
2026-07-14 00:22:07 [INFO ] : For additional web related logging consider setting the 'logging.level.web' property to 'DEBUG'
2026-07-14 00:22:07 [INFO ] : Multiple Spring Data modules found, entering strict repository configuration mode
2026-07-14 00:22:07 [INFO ] : Bootstrapping Spring Data Redis repositories in DEFAULT mode.
2026-07-14 00:22:07 [INFO ] : Finished Spring Data repository scanning in 9 ms. Found 0 Redis repository interfaces.
2026-07-14 00:22:07 [INFO ] : Multiple Spring Data modules found, entering strict repository configuration mode
2026-07-14 00:22:07 [INFO ] : Bootstrapping Spring Data Redis repositories in DEFAULT mode.
2026-07-14 00:22:07 [INFO ] : Finished Spring Data repository scanning in 7 ms. Found 0 Redis repository interfaces.
2026-07-14 00:22:07 [INFO ] : Tomcat initialized with port 8089 (http)
2026-07-14 00:22:07 [INFO ] : Tomcat initialized with port 8089 (http)
2026-07-14 00:22:07 [INFO ] : Initializing ProtocolHandler ["http-nio-8089"]
2026-07-14 00:22:07 [INFO ] : Starting service [Tomcat]
2026-07-14 00:22:07 [INFO ] : Starting Servlet engine: [Apache Tomcat/11.0.22]
2026-07-14 00:22:07 [INFO ] : Initializing ProtocolHandler ["http-nio-8089"]
2026-07-14 00:22:07 [INFO ] : Starting service [Tomcat]
2026-07-14 00:22:07 [INFO ] : Starting Servlet engine: [Apache Tomcat/11.0.22]
2026-07-14 00:22:07 [INFO ] : Root WebApplicationContext: initialization completed in 797 ms
2026-07-14 00:22:07 [INFO ] : Root WebApplicationContext: initialization completed in 681 ms
2026-07-14 00:22:07 [WARN ] : Exception encountered during context initialization - cancelling refresh attempt: org.springframework.beans.factory.UnsatisfiedDependencyException: Error creating bean with name 'adminUserController' defined in file [D:\study\project\blog-server-java\target\classes\com\blog\blogserverjava\controller\AdminUserController.class]: Unsatisfied dependency expressed through constructor parameter 0: Error creating bean with name 'adminUserServiceImpl' defined in file [D:\study\project\blog-server-java\target\classes\com\blog\blogserverjava\service\impl\AdminUserServiceImpl.class]: Unsatisfied dependency expressed through constructor parameter 0: No qualifying bean of type 'com.blog.blogserverjava.mapper.AdminUserMapper' available: expected at least 1 bean which qualifies as autowire candidate. Dependency annotations: {}
2026-07-14 00:22:07 [WARN ] : Exception encountered during context initialization - cancelling refresh attempt: org.springframework.beans.factory.UnsatisfiedDependencyException: Error creating bean with name 'adminUserController' defined in file [D:\study\project\blog-server-java\target\classes\com\blog\blogserverjava\controller\AdminUserController.class]: Unsatisfied dependency expressed through constructor parameter 0: Error creating bean with name 'adminUserServiceImpl' defined in file [D:\study\project\blog-server-java\target\classes\com\blog\blogserverjava\service\impl\AdminUserServiceImpl.class]: Unsatisfied dependency expressed through constructor parameter 0: No qualifying bean of type 'com.blog.blogserverjava.mapper.AdminUserMapper' available: expected at least 1 bean which qualifies as autowire candidate. Dependency annotations: {}
2026-07-14 00:22:07 [INFO ] : Stopping service [Tomcat]
2026-07-14 00:22:07 [INFO ] : Stopping service [Tomcat]
2026-07-14 00:22:07 [INFO ] : 

Error starting ApplicationContext. To display the condition evaluation report re-run your application with 'debug' enabled.
2026-07-14 00:22:07 [INFO ] : 

Error starting ApplicationContext. To display the condition evaluation report re-run your application with 'debug' enabled.
2026-07-14 00:22:07 [ERROR] : 

***************************
APPLICATION FAILED TO START
***************************

Description:

Parameter 0 of constructor in com.blog.blogserverjava.service.impl.AdminUserServiceImpl required a bean of type 'com.blog.blogserverjava.mapper.AdminUserMapper' that could not be found.


Action:

Consider defining a bean of type 'com.blog.blogserverjava.mapper.AdminUserMapper' in your configuration.

2026-07-14 00:22:07 [ERROR] : 

***************************
APPLICATION FAILED TO START
***************************

Description:

Parameter 0 of constructor in com.blog.blogserverjava.service.impl.AdminUserServiceImpl required a bean of type 'com.blog.blogserverjava.mapper.AdminUserMapper' that could not be found.


Action:

Consider defining a bean of type 'com.blog.blogserverjava.mapper.AdminUserMapper' in your configuration.

2026-07-14 00:22:15 [INFO ] : HV000001: Hibernate Validator 9.1.0.Final
2026-07-14 00:22:15 [INFO ] : Starting BlogServerJavaApplication using Java 21.0.11 with PID 4236 (D:\study\project\blog-server-java\target\classes started by Admin in D:\study\project\blog-server-java)
2026-07-14 00:22:15 [INFO ] : No active profile set, falling back to 1 default profile: "default"
2026-07-14 00:22:15 [INFO ] : Devtools property defaults active! Set 'spring.devtools.add-properties' to 'false' to disable
2026-07-14 00:22:15 [INFO ] : For additional web related logging consider setting the 'logging.level.web' property to 'DEBUG'
2026-07-14 00:22:15 [INFO ] : Multiple Spring Data modules found, entering strict repository configuration mode
2026-07-14 00:22:15 [INFO ] : Bootstrapping Spring Data Redis repositories in DEFAULT mode.
2026-07-14 00:22:15 [INFO ] : Finished Spring Data repository scanning in 6 ms. Found 0 Redis repository interfaces.
2026-07-14 00:22:15 [INFO ] : Tomcat initialized with port 8089 (http)
2026-07-14 00:22:15 [INFO ] : Initializing ProtocolHandler ["http-nio-8089"]
2026-07-14 00:22:15 [INFO ] : Starting service [Tomcat]
2026-07-14 00:22:15 [INFO ] : Starting Servlet engine: [Apache Tomcat/11.0.22]
2026-07-14 00:22:15 [INFO ] : Root WebApplicationContext: initialization completed in 537 ms
2026-07-14 00:22:16 [WARN ] : Exception encountered during context initialization - cancelling refresh attempt: org.springframework.beans.factory.UnsatisfiedDependencyException: Error creating bean with name 'adminUserController' defined in file [D:\study\project\blog-server-java\target\classes\com\blog\blogserverjava\controller\AdminUserController.class]: Unsatisfied dependency expressed through constructor parameter 0: Error creating bean with name 'adminUserServiceImpl' defined in file [D:\study\project\blog-server-java\target\classes\com\blog\blogserverjava\service\impl\AdminUserServiceImpl.class]: Unsatisfied dependency expressed through constructor parameter 0: No qualifying bean of type 'com.blog.blogserverjava.mapper.AdminUserMapper' available: expected at least 1 bean which qualifies as autowire candidate. Dependency annotations: {}
2026-07-14 00:22:16 [INFO ] : Stopping service [Tomcat]
2026-07-14 00:22:16 [INFO ] : 

Error starting ApplicationContext. To display the condition evaluation report re-run your application with 'debug' enabled.
2026-07-14 00:22:16 [ERROR] : 

***************************
APPLICATION FAILED TO START
***************************

Description:

Parameter 0 of constructor in com.blog.blogserverjava.service.impl.AdminUserServiceImpl required a bean of type 'com.blog.blogserverjava.mapper.AdminUserMapper' that could not be found.


Action:

Consider defining a bean of type 'com.blog.blogserverjava.mapper.AdminUserMapper' in your configuration.

2026-07-14 00:24:22 [INFO ] : HV000001: Hibernate Validator 9.1.0.Final
2026-07-14 00:24:22 [INFO ] : Starting BlogServerJavaApplication using Java 21.0.11 with PID 22096 (D:\study\project\blog-server-java\target\classes started by Admin in D:\study\project\blog-server-java)
2026-07-14 00:24:22 [INFO ] : No active profile set, falling back to 1 default profile: "default"
2026-07-14 00:24:22 [INFO ] : Devtools property defaults active! Set 'spring.devtools.add-properties' to 'false' to disable
2026-07-14 00:24:22 [INFO ] : For additional web related logging consider setting the 'logging.level.web' property to 'DEBUG'
2026-07-14 00:24:23 [INFO ] : Multiple Spring Data modules found, entering strict repository configuration mode
2026-07-14 00:24:23 [INFO ] : Bootstrapping Spring Data Redis repositories in DEFAULT mode.
2026-07-14 00:24:23 [INFO ] : Finished Spring Data repository scanning in 6 ms. Found 0 Redis repository interfaces.
2026-07-14 00:24:23 [INFO ] : Tomcat initialized with port 8089 (http)
2026-07-14 00:24:23 [INFO ] : Initializing ProtocolHandler ["http-nio-8089"]
2026-07-14 00:24:23 [INFO ] : Starting service [Tomcat]
2026-07-14 00:24:23 [INFO ] : Starting Servlet engine: [Apache Tomcat/11.0.22]
2026-07-14 00:24:23 [INFO ] : Root WebApplicationContext: initialization completed in 546 ms
2026-07-14 00:24:23 [WARN ] : Exception encountered during context initialization - cancelling refresh attempt: org.springframework.beans.factory.UnsatisfiedDependencyException: Error creating bean with name 'adminUserController' defined in file [D:\study\project\blog-server-java\target\classes\com\blog\blogserverjava\controller\AdminUserController.class]: Unsatisfied dependency expressed through constructor parameter 0: Error creating bean with name 'adminUserServiceImpl' defined in file [D:\study\project\blog-server-java\target\classes\com\blog\blogserverjava\service\impl\AdminUserServiceImpl.class]: Unsatisfied dependency expressed through constructor parameter 0: Error creating bean with name 'adminUserMapper' defined in file [D:\study\project\blog-server-java\target\classes\com\blog\blogserverjava\mapper\AdminUserMapper.class]: Property 'sqlSessionFactory' or 'sqlSessionTemplate' are required
2026-07-14 00:24:23 [INFO ] : Stopping service [Tomcat]
2026-07-14 00:24:23 [INFO ] : 

Error starting ApplicationContext. To display the condition evaluation report re-run your application with 'debug' enabled.
2026-07-14 00:24:23 [ERROR] : Application run failed
org.springframework.beans.factory.UnsatisfiedDependencyException: Error creating bean with name 'adminUserController' defined in file [D:\study\project\blog-server-java\target\classes\com\blog\blogserverjava\controller\AdminUserController.class]: Unsatisfied dependency expressed through constructor parameter 0: Error creating bean with name 'adminUserServiceImpl' defined in file [D:\study\project\blog-server-java\target\classes\com\blog\blogserverjava\service\impl\AdminUserServiceImpl.class]: Unsatisfied dependency expressed through constructor parameter 0: Error creating bean with name 'adminUserMapper' defined in file [D:\study\project\blog-server-java\target\classes\com\blog\blogserverjava\mapper\AdminUserMapper.class]: Property 'sqlSessionFactory' or 'sqlSessionTemplate' are required
	at org.springframework.beans.factory.support.ConstructorResolver.createArgumentArray(ConstructorResolver.java:804)
	at org.springframework.beans.factory.support.ConstructorResolver.autowireConstructor(ConstructorResolver.java:240)
	at org.springframework.beans.factory.support.AbstractAutowireCapableBeanFactory.autowireConstructor(AbstractAutowireCapableBeanFactory.java:1380)
	at org.springframework.beans.factory.support.AbstractAutowireCapableBeanFactory.createBeanInstance(AbstractAutowireCapableBeanFactory.java:1219)
	at org.springframework.beans.factory.support.AbstractAutowireCapableBeanFactory.doCreateBean(AbstractAutowireCapableBeanFactory.java:565)
	at org.springframework.beans.factory.support.AbstractAutowireCapableBeanFactory.createBean(AbstractAutowireCapableBeanFactory.java:525)
	at org.springframework.beans.factory.support.AbstractBeanFactory.lambda$doGetBean$0(AbstractBeanFactory.java:333)
	at org.springframework.beans.factory.support.DefaultSingletonBeanRegistry.getSingleton(DefaultSingletonBeanRegistry.java:371)
	at org.springframework.beans.factory.support.AbstractBeanFactory.doGetBean(AbstractBeanFactory.java:331)
	at org.springframework.beans.factory.support.AbstractBeanFactory.getBean(AbstractBeanFactory.java:196)
	at org.springframework.beans.factory.support.DefaultListableBeanFactory.instantiateSingleton(DefaultListableBeanFactory.java:1225)
	at org.springframework.beans.factory.support.DefaultListableBeanFactory.preInstantiateSingleton(DefaultListableBeanFactory.java:1191)
	at org.springframework.beans.factory.support.DefaultListableBeanFactory.preInstantiateSingletons(DefaultListableBeanFactory.java:1121)
	at org.springframework.context.support.AbstractApplicationContext.finishBeanFactoryInitialization(AbstractApplicationContext.java:994)
	at org.springframework.context.support.AbstractApplicationContext.refresh(AbstractApplicationContext.java:621)
	at org.springframework.boot.web.server.servlet.context.ServletWebServerApplicationContext.refresh(ServletWebServerApplicationContext.java:143)
	at org.springframework.boot.SpringApplication.refresh(SpringApplication.java:756)
	at org.springframework.boot.SpringApplication.refreshContext(SpringApplication.java:445)
	at org.springframework.boot.SpringApplication.run(SpringApplication.java:321)
	at org.springframework.boot.SpringApplication.run(SpringApplication.java:1365)
	at org.springframework.boot.SpringApplication.run(SpringApplication.java:1354)
	at com.blog.blogserverjava.BlogServerJavaApplication.main(BlogServerJavaApplication.java:12)
	at java.base/jdk.internal.reflect.DirectMethodHandleAccessor.invoke(DirectMethodHandleAccessor.java:103)
	at java.base/java.lang.reflect.Method.invoke(Method.java:580)
	at org.springframework.boot.devtools.restart.RestartLauncher.run(RestartLauncher.java:52)
Caused by: org.springframework.beans.factory.UnsatisfiedDependencyException: Error creating bean with name 'adminUserServiceImpl' defined in file [D:\study\project\blog-server-java\target\classes\com\blog\blogserverjava\service\impl\AdminUserServiceImpl.class]: Unsatisfied dependency expressed through constructor parameter 0: Error creating bean with name 'adminUserMapper' defined in file [D:\study\project\blog-server-java\target\classes\com\blog\blogserverjava\mapper\AdminUserMapper.class]: Property 'sqlSessionFactory' or 'sqlSessionTemplate' are required
	at org.springframework.beans.factory.support.ConstructorResolver.createArgumentArray(ConstructorResolver.java:804)
	at org.springframework.beans.factory.support.ConstructorResolver.autowireConstructor(ConstructorResolver.java:240)
	at org.springframework.beans.factory.support.AbstractAutowireCapableBeanFactory.autowireConstructor(AbstractAutowireCapableBeanFactory.java:1380)
	at org.springframework.beans.factory.support.AbstractAutowireCapableBeanFactory.createBeanInstance(AbstractAutowireCapableBeanFactory.java:1219)
	at org.springframework.beans.factory.support.AbstractAutowireCapableBeanFactory.doCreateBean(AbstractAutowireCapableBeanFactory.java:565)
	at org.springframework.beans.factory.support.AbstractAutowireCapableBeanFactory.createBean(AbstractAutowireCapableBeanFactory.java:525)
	at org.springframework.beans.factory.support.AbstractBeanFactory.lambda$doGetBean$0(AbstractBeanFactory.java:333)
	at org.springframework.beans.factory.support.DefaultSingletonBeanRegistry.getSingleton(DefaultSingletonBeanRegistry.java:371)
	at org.springframework.beans.factory.support.AbstractBeanFactory.doGetBean(AbstractBeanFactory.java:331)
	at org.springframework.beans.factory.support.AbstractBeanFactory.getBean(AbstractBeanFactory.java:201)
	at org.springframework.beans.factory.config.DependencyDescriptor.resolveCandidate(DependencyDescriptor.java:229)
	at org.springframework.beans.factory.support.DefaultListableBeanFactory.doResolveDependency(DefaultListableBeanFactory.java:1769)
	at org.springframework.beans.factory.support.DefaultListableBeanFactory.resolveDependency(DefaultListableBeanFactory.java:1658)
	at org.springframework.beans.factory.support.ConstructorResolver.resolveAutowiredArgument(ConstructorResolver.java:912)
	at org.springframework.beans.factory.support.ConstructorResolver.createArgumentArray(ConstructorResolver.java:791)
	... 24 common frames omitted
Caused by: org.springframework.beans.factory.BeanCreationException: Error creating bean with name 'adminUserMapper' defined in file [D:\study\project\blog-server-java\target\classes\com\blog\blogserverjava\mapper\AdminUserMapper.class]: Property 'sqlSessionFactory' or 'sqlSessionTemplate' are required
	at org.springframework.beans.factory.support.AbstractAutowireCapableBeanFactory.initializeBean(AbstractAutowireCapableBeanFactory.java:1815)
	at org.springframework.beans.factory.support.AbstractAutowireCapableBeanFactory.doCreateBean(AbstractAutowireCapableBeanFactory.java:603)
	at org.springframework.beans.factory.support.AbstractAutowireCapableBeanFactory.createBean(AbstractAutowireCapableBeanFactory.java:525)
	at org.springframework.beans.factory.support.AbstractBeanFactory.lambda$doGetBean$0(AbstractBeanFactory.java:333)
	at org.springframework.beans.factory.support.DefaultSingletonBeanRegistry.getSingleton(DefaultSingletonBeanRegistry.java:371)
	at org.springframework.beans.factory.support.AbstractBeanFactory.doGetBean(AbstractBeanFactory.java:331)
	at org.springframework.beans.factory.support.AbstractBeanFactory.getBean(AbstractBeanFactory.java:201)
	at org.springframework.beans.factory.support.DefaultListableBeanFactory.resolveBean(DefaultListableBeanFactory.java:1232)
	at org.springframework.beans.factory.support.DefaultListableBeanFactory.doResolveDependency(DefaultListableBeanFactory.java:1711)
	at org.springframework.beans.factory.support.DefaultListableBeanFactory.resolveDependency(DefaultListableBeanFactory.java:1658)
	at org.springframework.beans.factory.support.ConstructorResolver.resolveAutowiredArgument(ConstructorResolver.java:912)
	at org.springframework.beans.factory.support.ConstructorResolver.createArgumentArray(ConstructorResolver.java:791)
	... 38 common frames omitted
Caused by: java.lang.IllegalArgumentException: Property 'sqlSessionFactory' or 'sqlSessionTemplate' are required
	at org.springframework.util.Assert.notNull(Assert.java:182)
	at org.mybatis.spring.support.SqlSessionDaoSupport.checkDaoConfig(SqlSessionDaoSupport.java:125)
	at org.mybatis.spring.mapper.MapperFactoryBean.checkDaoConfig(MapperFactoryBean.java:73)
	at org.springframework.dao.support.DaoSupport.afterPropertiesSet(DaoSupport.java:46)
	at org.springframework.beans.factory.support.AbstractAutowireCapableBeanFactory.invokeInitMethods(AbstractAutowireCapableBeanFactory.java:1862)
	at org.springframework.beans.factory.support.AbstractAutowireCapableBeanFactory.initializeBean(AbstractAutowireCapableBeanFactory.java:1811)
	... 49 common frames omitted
2026-07-14 00:25:48 [INFO ] : HV000001: Hibernate Validator 9.1.0.Final
2026-07-14 00:25:48 [INFO ] : Starting BlogServerJavaApplication using Java 21.0.11 with PID 5020 (D:\study\project\blog-server-java\target\classes started by Admin in D:\study\project\blog-server-java)
2026-07-14 00:25:48 [INFO ] : No active profile set, falling back to 1 default profile: "default"
2026-07-14 00:25:49 [INFO ] : Devtools property defaults active! Set 'spring.devtools.add-properties' to 'false' to disable
2026-07-14 00:25:49 [INFO ] : For additional web related logging consider setting the 'logging.level.web' property to 'DEBUG'
2026-07-14 00:25:49 [INFO ] : Multiple Spring Data modules found, entering strict repository configuration mode
2026-07-14 00:25:49 [INFO ] : Bootstrapping Spring Data Redis repositories in DEFAULT mode.
2026-07-14 00:25:49 [INFO ] : Finished Spring Data repository scanning in 7 ms. Found 0 Redis repository interfaces.
2026-07-14 00:25:49 [INFO ] : Tomcat initialized with port 8089 (http)
2026-07-14 00:25:49 [INFO ] : Initializing ProtocolHandler ["http-nio-8089"]
2026-07-14 00:25:49 [INFO ] : Starting service [Tomcat]
2026-07-14 00:25:49 [INFO ] : Starting Servlet engine: [Apache Tomcat/11.0.22]
2026-07-14 00:25:49 [INFO ] : Root WebApplicationContext: initialization completed in 555 ms
2026-07-14 00:25:49 [WARN ] : Exception encountered during context initialization - cancelling refresh attempt: org.springframework.beans.factory.UnsatisfiedDependencyException: Error creating bean with name 'adminUserController' defined in file [D:\study\project\blog-server-java\target\classes\com\blog\blogserverjava\controller\AdminUserController.class]: Unsatisfied dependency expressed through constructor parameter 0: Error creating bean with name 'adminUserServiceImpl' defined in file [D:\study\project\blog-server-java\target\classes\com\blog\blogserverjava\service\impl\AdminUserServiceImpl.class]: Unsatisfied dependency expressed through constructor parameter 0: Error creating bean with name 'adminUserMapper' defined in file [D:\study\project\blog-server-java\target\classes\com\blog\blogserverjava\mapper\AdminUserMapper.class]: Property 'sqlSessionFactory' or 'sqlSessionTemplate' are required
2026-07-14 00:25:49 [INFO ] : Stopping service [Tomcat]
2026-07-14 00:25:49 [INFO ] : 

Error starting ApplicationContext. To display the condition evaluation report re-run your application with 'debug' enabled.
2026-07-14 00:25:49 [ERROR] : Application run failed
org.springframework.beans.factory.UnsatisfiedDependencyException: Error creating bean with name 'adminUserController' defined in file [D:\study\project\blog-server-java\target\classes\com\blog\blogserverjava\controller\AdminUserController.class]: Unsatisfied dependency expressed through constructor parameter 0: Error creating bean with name 'adminUserServiceImpl' defined in file [D:\study\project\blog-server-java\target\classes\com\blog\blogserverjava\service\impl\AdminUserServiceImpl.class]: Unsatisfied dependency expressed through constructor parameter 0: Error creating bean with name 'adminUserMapper' defined in file [D:\study\project\blog-server-java\target\classes\com\blog\blogserverjava\mapper\AdminUserMapper.class]: Property 'sqlSessionFactory' or 'sqlSessionTemplate' are required
	at org.springframework.beans.factory.support.ConstructorResolver.createArgumentArray(ConstructorResolver.java:804)
	at org.springframework.beans.factory.support.ConstructorResolver.autowireConstructor(ConstructorResolver.java:240)
	at org.springframework.beans.factory.support.AbstractAutowireCapableBeanFactory.autowireConstructor(AbstractAutowireCapableBeanFactory.java:1380)
	at org.springframework.beans.factory.support.AbstractAutowireCapableBeanFactory.createBeanInstance(AbstractAutowireCapableBeanFactory.java:1219)
	at org.springframework.beans.factory.support.AbstractAutowireCapableBeanFactory.doCreateBean(AbstractAutowireCapableBeanFactory.java:565)
	at org.springframework.beans.factory.support.AbstractAutowireCapableBeanFactory.createBean(AbstractAutowireCapableBeanFactory.java:525)
	at org.springframework.beans.factory.support.AbstractBeanFactory.lambda$doGetBean$0(AbstractBeanFactory.java:333)
	at org.springframework.beans.factory.support.DefaultSingletonBeanRegistry.getSingleton(DefaultSingletonBeanRegistry.java:371)
	at org.springframework.beans.factory.support.AbstractBeanFactory.doGetBean(AbstractBeanFactory.java:331)
	at org.springframework.beans.factory.support.AbstractBeanFactory.getBean(AbstractBeanFactory.java:196)
	at org.springframework.beans.factory.support.DefaultListableBeanFactory.instantiateSingleton(DefaultListableBeanFactory.java:1225)
	at org.springframework.beans.factory.support.DefaultListableBeanFactory.preInstantiateSingleton(DefaultListableBeanFactory.java:1191)
	at org.springframework.beans.factory.support.DefaultListableBeanFactory.preInstantiateSingletons(DefaultListableBeanFactory.java:1121)
	at org.springframework.context.support.AbstractApplicationContext.finishBeanFactoryInitialization(AbstractApplicationContext.java:994)
	at org.springframework.context.support.AbstractApplicationContext.refresh(AbstractApplicationContext.java:621)
	at org.springframework.boot.web.server.servlet.context.ServletWebServerApplicationContext.refresh(ServletWebServerApplicationContext.java:143)
	at org.springframework.boot.SpringApplication.refresh(SpringApplication.java:756)
	at org.springframework.boot.SpringApplication.refreshContext(SpringApplication.java:445)
	at org.springframework.boot.SpringApplication.run(SpringApplication.java:321)
	at org.springframework.boot.SpringApplication.run(SpringApplication.java:1365)
	at org.springframework.boot.SpringApplication.run(SpringApplication.java:1354)
	at com.blog.blogserverjava.BlogServerJavaApplication.main(BlogServerJavaApplication.java:12)
	at java.base/jdk.internal.reflect.DirectMethodHandleAccessor.invoke(DirectMethodHandleAccessor.java:103)
	at java.base/java.lang.reflect.Method.invoke(Method.java:580)
	at org.springframework.boot.devtools.restart.RestartLauncher.run(RestartLauncher.java:52)
Caused by: org.springframework.beans.factory.UnsatisfiedDependencyException: Error creating bean with name 'adminUserServiceImpl' defined in file [D:\study\project\blog-server-java\target\classes\com\blog\blogserverjava\service\impl\AdminUserServiceImpl.class]: Unsatisfied dependency expressed through constructor parameter 0: Error creating bean with name 'adminUserMapper' defined in file [D:\study\project\blog-server-java\target\classes\com\blog\blogserverjava\mapper\AdminUserMapper.class]: Property 'sqlSessionFactory' or 'sqlSessionTemplate' are required
	at org.springframework.beans.factory.support.ConstructorResolver.createArgumentArray(ConstructorResolver.java:804)
	at org.springframework.beans.factory.support.ConstructorResolver.autowireConstructor(ConstructorResolver.java:240)
	at org.springframework.beans.factory.support.AbstractAutowireCapableBeanFactory.autowireConstructor(AbstractAutowireCapableBeanFactory.java:1380)
	at org.springframework.beans.factory.support.AbstractAutowireCapableBeanFactory.createBeanInstance(AbstractAutowireCapableBeanFactory.java:1219)
	at org.springframework.beans.factory.support.AbstractAutowireCapableBeanFactory.doCreateBean(AbstractAutowireCapableBeanFactory.java:565)
	at org.springframework.beans.factory.support.AbstractAutowireCapableBeanFactory.createBean(AbstractAutowireCapableBeanFactory.java:525)
	at org.springframework.beans.factory.support.AbstractBeanFactory.lambda$doGetBean$0(AbstractBeanFactory.java:333)
	at org.springframework.beans.factory.support.DefaultSingletonBeanRegistry.getSingleton(DefaultSingletonBeanRegistry.java:371)
	at org.springframework.beans.factory.support.AbstractBeanFactory.doGetBean(AbstractBeanFactory.java:331)
	at org.springframework.beans.factory.support.AbstractBeanFactory.getBean(AbstractBeanFactory.java:201)
	at org.springframework.beans.factory.config.DependencyDescriptor.resolveCandidate(DependencyDescriptor.java:229)
	at org.springframework.beans.factory.support.DefaultListableBeanFactory.doResolveDependency(DefaultListableBeanFactory.java:1769)
	at org.springframework.beans.factory.support.DefaultListableBeanFactory.resolveDependency(DefaultListableBeanFactory.java:1658)
	at org.springframework.beans.factory.support.ConstructorResolver.resolveAutowiredArgument(ConstructorResolver.java:912)
	at org.springframework.beans.factory.support.ConstructorResolver.createArgumentArray(ConstructorResolver.java:791)
	... 24 common frames omitted
Caused by: org.springframework.beans.factory.BeanCreationException: Error creating bean with name 'adminUserMapper' defined in file [D:\study\project\blog-server-java\target\classes\com\blog\blogserverjava\mapper\AdminUserMapper.class]: Property 'sqlSessionFactory' or 'sqlSessionTemplate' are required
	at org.springframework.beans.factory.support.AbstractAutowireCapableBeanFactory.initializeBean(AbstractAutowireCapableBeanFactory.java:1815)
	at org.springframework.beans.factory.support.AbstractAutowireCapableBeanFactory.doCreateBean(AbstractAutowireCapableBeanFactory.java:603)
	at org.springframework.beans.factory.support.AbstractAutowireCapableBeanFactory.createBean(AbstractAutowireCapableBeanFactory.java:525)
	at org.springframework.beans.factory.support.AbstractBeanFactory.lambda$doGetBean$0(AbstractBeanFactory.java:333)
	at org.springframework.beans.factory.support.DefaultSingletonBeanRegistry.getSingleton(DefaultSingletonBeanRegistry.java:371)
	at org.springframework.beans.factory.support.AbstractBeanFactory.doGetBean(AbstractBeanFactory.java:331)
	at org.springframework.beans.factory.support.AbstractBeanFactory.getBean(AbstractBeanFactory.java:201)
	at org.springframework.beans.factory.support.DefaultListableBeanFactory.resolveBean(DefaultListableBeanFactory.java:1232)
	at org.springframework.beans.factory.support.DefaultListableBeanFactory.doResolveDependency(DefaultListableBeanFactory.java:1711)
	at org.springframework.beans.factory.support.DefaultListableBeanFactory.resolveDependency(DefaultListableBeanFactory.java:1658)
	at org.springframework.beans.factory.support.ConstructorResolver.resolveAutowiredArgument(ConstructorResolver.java:912)
	at org.springframework.beans.factory.support.ConstructorResolver.createArgumentArray(ConstructorResolver.java:791)
	... 38 common frames omitted
Caused by: java.lang.IllegalArgumentException: Property 'sqlSessionFactory' or 'sqlSessionTemplate' are required
	at org.springframework.util.Assert.notNull(Assert.java:182)
	at org.mybatis.spring.support.SqlSessionDaoSupport.checkDaoConfig(SqlSessionDaoSupport.java:125)
	at org.mybatis.spring.mapper.MapperFactoryBean.checkDaoConfig(MapperFactoryBean.java:73)
	at org.springframework.dao.support.DaoSupport.afterPropertiesSet(DaoSupport.java:46)
	at org.springframework.beans.factory.support.AbstractAutowireCapableBeanFactory.invokeInitMethods(AbstractAutowireCapableBeanFactory.java:1862)
	at org.springframework.beans.factory.support.AbstractAutowireCapableBeanFactory.initializeBean(AbstractAutowireCapableBeanFactory.java:1811)
	... 49 common frames omitted
2026-07-14 00:26:09 [INFO ] : HV000001: Hibernate Validator 9.1.0.Final
2026-07-14 00:26:09 [INFO ] : Starting BlogServerJavaApplication using Java 21.0.11 with PID 14788 (D:\study\project\blog-server-java\target\classes started by Admin in D:\study\project\blog-server-java)
2026-07-14 00:26:09 [INFO ] : No active profile set, falling back to 1 default profile: "default"
2026-07-14 00:26:09 [INFO ] : Devtools property defaults active! Set 'spring.devtools.add-properties' to 'false' to disable
2026-07-14 00:26:09 [INFO ] : For additional web related logging consider setting the 'logging.level.web' property to 'DEBUG'
2026-07-14 00:26:09 [INFO ] : Multiple Spring Data modules found, entering strict repository configuration mode
2026-07-14 00:26:09 [INFO ] : Bootstrapping Spring Data Redis repositories in DEFAULT mode.
2026-07-14 00:26:09 [INFO ] : Finished Spring Data repository scanning in 6 ms. Found 0 Redis repository interfaces.
2026-07-14 00:26:10 [INFO ] : Tomcat initialized with port 8089 (http)
2026-07-14 00:26:10 [INFO ] : Initializing ProtocolHandler ["http-nio-8089"]
2026-07-14 00:26:10 [INFO ] : Starting service [Tomcat]
2026-07-14 00:26:10 [INFO ] : Starting Servlet engine: [Apache Tomcat/11.0.22]
2026-07-14 00:26:10 [INFO ] : Root WebApplicationContext: initialization completed in 584 ms
2026-07-14 00:26:10 [WARN ] : Exception encountered during context initialization - cancelling refresh attempt: org.springframework.beans.factory.UnsatisfiedDependencyException: Error creating bean with name 'adminUserController' defined in file [D:\study\project\blog-server-java\target\classes\com\blog\blogserverjava\controller\AdminUserController.class]: Unsatisfied dependency expressed through constructor parameter 0: Error creating bean with name 'adminUserServiceImpl' defined in file [D:\study\project\blog-server-java\target\classes\com\blog\blogserverjava\service\impl\AdminUserServiceImpl.class]: Unsatisfied dependency expressed through constructor parameter 0: Error creating bean with name 'adminUserMapper' defined in file [D:\study\project\blog-server-java\target\classes\com\blog\blogserverjava\mapper\AdminUserMapper.class]: Property 'sqlSessionFactory' or 'sqlSessionTemplate' are required
2026-07-14 00:26:10 [INFO ] : Stopping service [Tomcat]
2026-07-14 00:26:10 [INFO ] : 

Error starting ApplicationContext. To display the condition evaluation report re-run your application with 'debug' enabled.
2026-07-14 00:26:10 [ERROR] : Application run failed
org.springframework.beans.factory.UnsatisfiedDependencyException: Error creating bean with name 'adminUserController' defined in file [D:\study\project\blog-server-java\target\classes\com\blog\blogserverjava\controller\AdminUserController.class]: Unsatisfied dependency expressed through constructor parameter 0: Error creating bean with name 'adminUserServiceImpl' defined in file [D:\study\project\blog-server-java\target\classes\com\blog\blogserverjava\service\impl\AdminUserServiceImpl.class]: Unsatisfied dependency expressed through constructor parameter 0: Error creating bean with name 'adminUserMapper' defined in file [D:\study\project\blog-server-java\target\classes\com\blog\blogserverjava\mapper\AdminUserMapper.class]: Property 'sqlSessionFactory' or 'sqlSessionTemplate' are required
	at org.springframework.beans.factory.support.ConstructorResolver.createArgumentArray(ConstructorResolver.java:804)
	at org.springframework.beans.factory.support.ConstructorResolver.autowireConstructor(ConstructorResolver.java:240)
	at org.springframework.beans.factory.support.AbstractAutowireCapableBeanFactory.autowireConstructor(AbstractAutowireCapableBeanFactory.java:1380)
	at org.springframework.beans.factory.support.AbstractAutowireCapableBeanFactory.createBeanInstance(AbstractAutowireCapableBeanFactory.java:1219)
	at org.springframework.beans.factory.support.AbstractAutowireCapableBeanFactory.doCreateBean(AbstractAutowireCapableBeanFactory.java:565)
	at org.springframework.beans.factory.support.AbstractAutowireCapableBeanFactory.createBean(AbstractAutowireCapableBeanFactory.java:525)
	at org.springframework.beans.factory.support.AbstractBeanFactory.lambda$doGetBean$0(AbstractBeanFactory.java:333)
	at org.springframework.beans.factory.support.DefaultSingletonBeanRegistry.getSingleton(DefaultSingletonBeanRegistry.java:371)
	at org.springframework.beans.factory.support.AbstractBeanFactory.doGetBean(AbstractBeanFactory.java:331)
	at org.springframework.beans.factory.support.AbstractBeanFactory.getBean(AbstractBeanFactory.java:196)
	at org.springframework.beans.factory.support.DefaultListableBeanFactory.instantiateSingleton(DefaultListableBeanFactory.java:1225)
	at org.springframework.beans.factory.support.DefaultListableBeanFactory.preInstantiateSingleton(DefaultListableBeanFactory.java:1191)
	at org.springframework.beans.factory.support.DefaultListableBeanFactory.preInstantiateSingletons(DefaultListableBeanFactory.java:1121)
	at org.springframework.context.support.AbstractApplicationContext.finishBeanFactoryInitialization(AbstractApplicationContext.java:994)
	at org.springframework.context.support.AbstractApplicationContext.refresh(AbstractApplicationContext.java:621)
	at org.springframework.boot.web.server.servlet.context.ServletWebServerApplicationContext.refresh(ServletWebServerApplicationContext.java:143)
	at org.springframework.boot.SpringApplication.refresh(SpringApplication.java:756)
	at org.springframework.boot.SpringApplication.refreshContext(SpringApplication.java:445)
	at org.springframework.boot.SpringApplication.run(SpringApplication.java:321)
	at org.springframework.boot.SpringApplication.run(SpringApplication.java:1365)
	at org.springframework.boot.SpringApplication.run(SpringApplication.java:1354)
	at com.blog.blogserverjava.BlogServerJavaApplication.main(BlogServerJavaApplication.java:12)
	at java.base/jdk.internal.reflect.DirectMethodHandleAccessor.invoke(DirectMethodHandleAccessor.java:103)
	at java.base/java.lang.reflect.Method.invoke(Method.java:580)
	at org.springframework.boot.devtools.restart.RestartLauncher.run(RestartLauncher.java:52)
Caused by: org.springframework.beans.factory.UnsatisfiedDependencyException: Error creating bean with name 'adminUserServiceImpl' defined in file [D:\study\project\blog-server-java\target\classes\com\blog\blogserverjava\service\impl\AdminUserServiceImpl.class]: Unsatisfied dependency expressed through constructor parameter 0: Error creating bean with name 'adminUserMapper' defined in file [D:\study\project\blog-server-java\target\classes\com\blog\blogserverjava\mapper\AdminUserMapper.class]: Property 'sqlSessionFactory' or 'sqlSessionTemplate' are required
	at org.springframework.beans.factory.support.ConstructorResolver.createArgumentArray(ConstructorResolver.java:804)
	at org.springframework.beans.factory.support.ConstructorResolver.autowireConstructor(ConstructorResolver.java:240)
	at org.springframework.beans.factory.support.AbstractAutowireCapableBeanFactory.autowireConstructor(AbstractAutowireCapableBeanFactory.java:1380)
	at org.springframework.beans.factory.support.AbstractAutowireCapableBeanFactory.createBeanInstance(AbstractAutowireCapableBeanFactory.java:1219)
	at org.springframework.beans.factory.support.AbstractAutowireCapableBeanFactory.doCreateBean(AbstractAutowireCapableBeanFactory.java:565)
	at org.springframework.beans.factory.support.AbstractAutowireCapableBeanFactory.createBean(AbstractAutowireCapableBeanFactory.java:525)
	at org.springframework.beans.factory.support.AbstractBeanFactory.lambda$doGetBean$0(AbstractBeanFactory.java:333)
	at org.springframework.beans.factory.support.DefaultSingletonBeanRegistry.getSingleton(DefaultSingletonBeanRegistry.java:371)
	at org.springframework.beans.factory.support.AbstractBeanFactory.doGetBean(AbstractBeanFactory.java:331)
	at org.springframework.beans.factory.support.AbstractBeanFactory.getBean(AbstractBeanFactory.java:201)
	at org.springframework.beans.factory.config.DependencyDescriptor.resolveCandidate(DependencyDescriptor.java:229)
	at org.springframework.beans.factory.support.DefaultListableBeanFactory.doResolveDependency(DefaultListableBeanFactory.java:1769)
	at org.springframework.beans.factory.support.DefaultListableBeanFactory.resolveDependency(DefaultListableBeanFactory.java:1658)
	at org.springframework.beans.factory.support.ConstructorResolver.resolveAutowiredArgument(ConstructorResolver.java:912)
	at org.springframework.beans.factory.support.ConstructorResolver.createArgumentArray(ConstructorResolver.java:791)
	... 24 common frames omitted
Caused by: org.springframework.beans.factory.BeanCreationException: Error creating bean with name 'adminUserMapper' defined in file [D:\study\project\blog-server-java\target\classes\com\blog\blogserverjava\mapper\AdminUserMapper.class]: Property 'sqlSessionFactory' or 'sqlSessionTemplate' are required
	at org.springframework.beans.factory.support.AbstractAutowireCapableBeanFactory.initializeBean(AbstractAutowireCapableBeanFactory.java:1815)
	at org.springframework.beans.factory.support.AbstractAutowireCapableBeanFactory.doCreateBean(AbstractAutowireCapableBeanFactory.java:603)
	at org.springframework.beans.factory.support.AbstractAutowireCapableBeanFactory.createBean(AbstractAutowireCapableBeanFactory.java:525)
	at org.springframework.beans.factory.support.AbstractBeanFactory.lambda$doGetBean$0(AbstractBeanFactory.java:333)
	at org.springframework.beans.factory.support.DefaultSingletonBeanRegistry.getSingleton(DefaultSingletonBeanRegistry.java:371)
	at org.springframework.beans.factory.support.AbstractBeanFactory.doGetBean(AbstractBeanFactory.java:331)
	at org.springframework.beans.factory.support.AbstractBeanFactory.getBean(AbstractBeanFactory.java:201)
	at org.springframework.beans.factory.support.DefaultListableBeanFactory.resolveBean(DefaultListableBeanFactory.java:1232)
	at org.springframework.beans.factory.support.DefaultListableBeanFactory.doResolveDependency(DefaultListableBeanFactory.java:1711)
	at org.springframework.beans.factory.support.DefaultListableBeanFactory.resolveDependency(DefaultListableBeanFactory.java:1658)
	at org.springframework.beans.factory.support.ConstructorResolver.resolveAutowiredArgument(ConstructorResolver.java:912)
	at org.springframework.beans.factory.support.ConstructorResolver.createArgumentArray(ConstructorResolver.java:791)
	... 38 common frames omitted
Caused by: java.lang.IllegalArgumentException: Property 'sqlSessionFactory' or 'sqlSessionTemplate' are required
	at org.springframework.util.Assert.notNull(Assert.java:182)
	at org.mybatis.spring.support.SqlSessionDaoSupport.checkDaoConfig(SqlSessionDaoSupport.java:125)
	at org.mybatis.spring.mapper.MapperFactoryBean.checkDaoConfig(MapperFactoryBean.java:73)
	at org.springframework.dao.support.DaoSupport.afterPropertiesSet(DaoSupport.java:46)
	at org.springframework.beans.factory.support.AbstractAutowireCapableBeanFactory.invokeInitMethods(AbstractAutowireCapableBeanFactory.java:1862)
	at org.springframework.beans.factory.support.AbstractAutowireCapableBeanFactory.initializeBean(AbstractAutowireCapableBeanFactory.java:1811)
	... 49 common frames omitted
2026-07-14 23:14:29 [INFO ] : HV000001: Hibernate Validator 9.1.0.Final
2026-07-14 23:14:29 [INFO ] : Starting BlogServerJavaApplication using Java 21.0.11 with PID 19160 (D:\study\project\blog-server-java\target\classes started by Admin in D:\study\project\blog-server-java)
2026-07-14 23:14:29 [INFO ] : No active profile set, falling back to 1 default profile: "default"
2026-07-14 23:14:29 [INFO ] : Devtools property defaults active! Set 'spring.devtools.add-properties' to 'false' to disable
2026-07-14 23:14:29 [INFO ] : For additional web related logging consider setting the 'logging.level.web' property to 'DEBUG'
2026-07-14 23:14:30 [INFO ] : Multiple Spring Data modules found, entering strict repository configuration mode
2026-07-14 23:14:30 [INFO ] : Bootstrapping Spring Data Redis repositories in DEFAULT mode.
2026-07-14 23:14:30 [INFO ] : Finished Spring Data repository scanning in 6 ms. Found 0 Redis repository interfaces.
2026-07-14 23:14:30 [INFO ] : Tomcat initialized with port 8089 (http)
2026-07-14 23:14:30 [INFO ] : Initializing ProtocolHandler ["http-nio-8089"]
2026-07-14 23:14:30 [INFO ] : Starting service [Tomcat]
2026-07-14 23:14:30 [INFO ] : Starting Servlet engine: [Apache Tomcat/11.0.22]
2026-07-14 23:14:30 [INFO ] : Root WebApplicationContext: initialization completed in 560 ms
2026-07-14 23:14:30 [WARN ] : Exception encountered during context initialization - cancelling refresh attempt: org.springframework.beans.factory.UnsatisfiedDependencyException: Error creating bean with name 'adminUserController' defined in file [D:\study\project\blog-server-java\target\classes\com\blog\blogserverjava\controller\AdminUserController.class]: Unsatisfied dependency expressed through constructor parameter 0: Error creating bean with name 'adminUserServiceImpl' defined in file [D:\study\project\blog-server-java\target\classes\com\blog\blogserverjava\service\impl\AdminUserServiceImpl.class]: Unsatisfied dependency expressed through constructor parameter 0: Error creating bean with name 'adminUserMapper' defined in file [D:\study\project\blog-server-java\target\classes\com\blog\blogserverjava\mapper\AdminUserMapper.class]: Property 'sqlSessionFactory' or 'sqlSessionTemplate' are required
2026-07-14 23:14:30 [INFO ] : Stopping service [Tomcat]
2026-07-14 23:14:30 [INFO ] : 

Error starting ApplicationContext. To display the condition evaluation report re-run your application with 'debug' enabled.
2026-07-14 23:14:30 [ERROR] : Application run failed
org.springframework.beans.factory.UnsatisfiedDependencyException: Error creating bean with name 'adminUserController' defined in file [D:\study\project\blog-server-java\target\classes\com\blog\blogserverjava\controller\AdminUserController.class]: Unsatisfied dependency expressed through constructor parameter 0: Error creating bean with name 'adminUserServiceImpl' defined in file [D:\study\project\blog-server-java\target\classes\com\blog\blogserverjava\service\impl\AdminUserServiceImpl.class]: Unsatisfied dependency expressed through constructor parameter 0: Error creating bean with name 'adminUserMapper' defined in file [D:\study\project\blog-server-java\target\classes\com\blog\blogserverjava\mapper\AdminUserMapper.class]: Property 'sqlSessionFactory' or 'sqlSessionTemplate' are required
	at org.springframework.beans.factory.support.ConstructorResolver.createArgumentArray(ConstructorResolver.java:804)
	at org.springframework.beans.factory.support.ConstructorResolver.autowireConstructor(ConstructorResolver.java:240)
	at org.springframework.beans.factory.support.AbstractAutowireCapableBeanFactory.autowireConstructor(AbstractAutowireCapableBeanFactory.java:1380)
	at org.springframework.beans.factory.support.AbstractAutowireCapableBeanFactory.createBeanInstance(AbstractAutowireCapableBeanFactory.java:1219)
	at org.springframework.beans.factory.support.AbstractAutowireCapableBeanFactory.doCreateBean(AbstractAutowireCapableBeanFactory.java:565)
	at org.springframework.beans.factory.support.AbstractAutowireCapableBeanFactory.createBean(AbstractAutowireCapableBeanFactory.java:525)
	at org.springframework.beans.factory.support.AbstractBeanFactory.lambda$doGetBean$0(AbstractBeanFactory.java:333)
	at org.springframework.beans.factory.support.DefaultSingletonBeanRegistry.getSingleton(DefaultSingletonBeanRegistry.java:371)
	at org.springframework.beans.factory.support.AbstractBeanFactory.doGetBean(AbstractBeanFactory.java:331)
	at org.springframework.beans.factory.support.AbstractBeanFactory.getBean(AbstractBeanFactory.java:196)
	at org.springframework.beans.factory.support.DefaultListableBeanFactory.instantiateSingleton(DefaultListableBeanFactory.java:1225)
	at org.springframework.beans.factory.support.DefaultListableBeanFactory.preInstantiateSingleton(DefaultListableBeanFactory.java:1191)
	at org.springframework.beans.factory.support.DefaultListableBeanFactory.preInstantiateSingletons(DefaultListableBeanFactory.java:1121)
	at org.springframework.context.support.AbstractApplicationContext.finishBeanFactoryInitialization(AbstractApplicationContext.java:994)
	at org.springframework.context.support.AbstractApplicationContext.refresh(AbstractApplicationContext.java:621)
	at org.springframework.boot.web.server.servlet.context.ServletWebServerApplicationContext.refresh(ServletWebServerApplicationContext.java:143)
	at org.springframework.boot.SpringApplication.refresh(SpringApplication.java:756)
	at org.springframework.boot.SpringApplication.refreshContext(SpringApplication.java:445)
	at org.springframework.boot.SpringApplication.run(SpringApplication.java:321)
	at org.springframework.boot.SpringApplication.run(SpringApplication.java:1365)
	at org.springframework.boot.SpringApplication.run(SpringApplication.java:1354)
	at com.blog.blogserverjava.BlogServerJavaApplication.main(BlogServerJavaApplication.java:12)
	at java.base/jdk.internal.reflect.DirectMethodHandleAccessor.invoke(DirectMethodHandleAccessor.java:103)
	at java.base/java.lang.reflect.Method.invoke(Method.java:580)
	at org.springframework.boot.devtools.restart.RestartLauncher.run(RestartLauncher.java:52)
Caused by: org.springframework.beans.factory.UnsatisfiedDependencyException: Error creating bean with name 'adminUserServiceImpl' defined in file [D:\study\project\blog-server-java\target\classes\com\blog\blogserverjava\service\impl\AdminUserServiceImpl.class]: Unsatisfied dependency expressed through constructor parameter 0: Error creating bean with name 'adminUserMapper' defined in file [D:\study\project\blog-server-java\target\classes\com\blog\blogserverjava\mapper\AdminUserMapper.class]: Property 'sqlSessionFactory' or 'sqlSessionTemplate' are required
	at org.springframework.beans.factory.support.ConstructorResolver.createArgumentArray(ConstructorResolver.java:804)
	at org.springframework.beans.factory.support.ConstructorResolver.autowireConstructor(ConstructorResolver.java:240)
	at org.springframework.beans.factory.support.AbstractAutowireCapableBeanFactory.autowireConstructor(AbstractAutowireCapableBeanFactory.java:1380)
	at org.springframework.beans.factory.support.AbstractAutowireCapableBeanFactory.createBeanInstance(AbstractAutowireCapableBeanFactory.java:1219)
	at org.springframework.beans.factory.support.AbstractAutowireCapableBeanFactory.doCreateBean(AbstractAutowireCapableBeanFactory.java:565)
	at org.springframework.beans.factory.support.AbstractAutowireCapableBeanFactory.createBean(AbstractAutowireCapableBeanFactory.java:525)
	at org.springframework.beans.factory.support.AbstractBeanFactory.lambda$doGetBean$0(AbstractBeanFactory.java:333)
	at org.springframework.beans.factory.support.DefaultSingletonBeanRegistry.getSingleton(DefaultSingletonBeanRegistry.java:371)
	at org.springframework.beans.factory.support.AbstractBeanFactory.doGetBean(AbstractBeanFactory.java:331)
	at org.springframework.beans.factory.support.AbstractBeanFactory.getBean(AbstractBeanFactory.java:201)
	at org.springframework.beans.factory.config.DependencyDescriptor.resolveCandidate(DependencyDescriptor.java:229)
	at org.springframework.beans.factory.support.DefaultListableBeanFactory.doResolveDependency(DefaultListableBeanFactory.java:1769)
	at org.springframework.beans.factory.support.DefaultListableBeanFactory.resolveDependency(DefaultListableBeanFactory.java:1658)
	at org.springframework.beans.factory.support.ConstructorResolver.resolveAutowiredArgument(ConstructorResolver.java:912)
	at org.springframework.beans.factory.support.ConstructorResolver.createArgumentArray(ConstructorResolver.java:791)
	... 24 common frames omitted
Caused by: org.springframework.beans.factory.BeanCreationException: Error creating bean with name 'adminUserMapper' defined in file [D:\study\project\blog-server-java\target\classes\com\blog\blogserverjava\mapper\AdminUserMapper.class]: Property 'sqlSessionFactory' or 'sqlSessionTemplate' are required
	at org.springframework.beans.factory.support.AbstractAutowireCapableBeanFactory.initializeBean(AbstractAutowireCapableBeanFactory.java:1815)
	at org.springframework.beans.factory.support.AbstractAutowireCapableBeanFactory.doCreateBean(AbstractAutowireCapableBeanFactory.java:603)
	at org.springframework.beans.factory.support.AbstractAutowireCapableBeanFactory.createBean(AbstractAutowireCapableBeanFactory.java:525)
	at org.springframework.beans.factory.support.AbstractBeanFactory.lambda$doGetBean$0(AbstractBeanFactory.java:333)
	at org.springframework.beans.factory.support.DefaultSingletonBeanRegistry.getSingleton(DefaultSingletonBeanRegistry.java:371)
	at org.springframework.beans.factory.support.AbstractBeanFactory.doGetBean(AbstractBeanFactory.java:331)
	at org.springframework.beans.factory.support.AbstractBeanFactory.getBean(AbstractBeanFactory.java:201)
	at org.springframework.beans.factory.support.DefaultListableBeanFactory.resolveBean(DefaultListableBeanFactory.java:1232)
	at org.springframework.beans.factory.support.DefaultListableBeanFactory.doResolveDependency(DefaultListableBeanFactory.java:1711)
	at org.springframework.beans.factory.support.DefaultListableBeanFactory.resolveDependency(DefaultListableBeanFactory.java:1658)
	at org.springframework.beans.factory.support.ConstructorResolver.resolveAutowiredArgument(ConstructorResolver.java:912)
	at org.springframework.beans.factory.support.ConstructorResolver.createArgumentArray(ConstructorResolver.java:791)
	... 38 common frames omitted
Caused by: java.lang.IllegalArgumentException: Property 'sqlSessionFactory' or 'sqlSessionTemplate' are required
	at org.springframework.util.Assert.notNull(Assert.java:182)
	at org.mybatis.spring.support.SqlSessionDaoSupport.checkDaoConfig(SqlSessionDaoSupport.java:122)
	at org.mybatis.spring.mapper.MapperFactoryBean.checkDaoConfig(MapperFactoryBean.java:69)
	at org.springframework.dao.support.DaoSupport.afterPropertiesSet(DaoSupport.java:46)
	at org.springframework.beans.factory.support.AbstractAutowireCapableBeanFactory.invokeInitMethods(AbstractAutowireCapableBeanFactory.java:1862)
	at org.springframework.beans.factory.support.AbstractAutowireCapableBeanFactory.initializeBean(AbstractAutowireCapableBeanFactory.java:1811)
	... 49 common frames omitted
2026-07-14 23:17:23 [INFO ] : HV000001: Hibernate Validator 9.1.0.Final
2026-07-14 23:17:23 [INFO ] : Starting BlogServerJavaApplication using Java 21.0.11 with PID 14964 (D:\study\project\blog-server-java\target\classes started by Admin in D:\study\project\blog-server-java)
2026-07-14 23:17:23 [INFO ] : No active profile set, falling back to 1 default profile: "default"
2026-07-14 23:17:23 [INFO ] : Devtools property defaults active! Set 'spring.devtools.add-properties' to 'false' to disable
2026-07-14 23:17:23 [INFO ] : For additional web related logging consider setting the 'logging.level.web' property to 'DEBUG'
2026-07-14 23:17:24 [INFO ] : Multiple Spring Data modules found, entering strict repository configuration mode
2026-07-14 23:17:24 [INFO ] : Bootstrapping Spring Data Redis repositories in DEFAULT mode.
2026-07-14 23:17:24 [INFO ] : Finished Spring Data repository scanning in 7 ms. Found 0 Redis repository interfaces.
2026-07-14 23:17:24 [INFO ] : Tomcat initialized with port 8089 (http)
2026-07-14 23:17:24 [INFO ] : Initializing ProtocolHandler ["http-nio-8089"]
2026-07-14 23:17:24 [INFO ] : Starting service [Tomcat]
2026-07-14 23:17:24 [INFO ] : Starting Servlet engine: [Apache Tomcat/11.0.22]
2026-07-14 23:17:24 [INFO ] : Root WebApplicationContext: initialization completed in 591 ms
2026-07-14 23:17:24 [WARN ] : Exception encountered during context initialization - cancelling refresh attempt: org.springframework.beans.factory.UnsatisfiedDependencyException: Error creating bean with name 'adminUserController' defined in file [D:\study\project\blog-server-java\target\classes\com\blog\blogserverjava\controller\AdminUserController.class]: Unsatisfied dependency expressed through constructor parameter 0: Error creating bean with name 'adminUserServiceImpl' defined in file [D:\study\project\blog-server-java\target\classes\com\blog\blogserverjava\service\impl\AdminUserServiceImpl.class]: Unsatisfied dependency expressed through constructor parameter 0: Error creating bean with name 'adminUserMapper' defined in file [D:\study\project\blog-server-java\target\classes\com\blog\blogserverjava\mapper\AdminUserMapper.class]: Property 'sqlSessionFactory' or 'sqlSessionTemplate' are required
2026-07-14 23:17:24 [INFO ] : Stopping service [Tomcat]
2026-07-14 23:17:24 [INFO ] : 

Error starting ApplicationContext. To display the condition evaluation report re-run your application with 'debug' enabled.
2026-07-14 23:17:24 [ERROR] : Application run failed
org.springframework.beans.factory.UnsatisfiedDependencyException: Error creating bean with name 'adminUserController' defined in file [D:\study\project\blog-server-java\target\classes\com\blog\blogserverjava\controller\AdminUserController.class]: Unsatisfied dependency expressed through constructor parameter 0: Error creating bean with name 'adminUserServiceImpl' defined in file [D:\study\project\blog-server-java\target\classes\com\blog\blogserverjava\service\impl\AdminUserServiceImpl.class]: Unsatisfied dependency expressed through constructor parameter 0: Error creating bean with name 'adminUserMapper' defined in file [D:\study\project\blog-server-java\target\classes\com\blog\blogserverjava\mapper\AdminUserMapper.class]: Property 'sqlSessionFactory' or 'sqlSessionTemplate' are required
	at org.springframework.beans.factory.support.ConstructorResolver.createArgumentArray(ConstructorResolver.java:804)
	at org.springframework.beans.factory.support.ConstructorResolver.autowireConstructor(ConstructorResolver.java:240)
	at org.springframework.beans.factory.support.AbstractAutowireCapableBeanFactory.autowireConstructor(AbstractAutowireCapableBeanFactory.java:1380)
	at org.springframework.beans.factory.support.AbstractAutowireCapableBeanFactory.createBeanInstance(AbstractAutowireCapableBeanFactory.java:1219)
	at org.springframework.beans.factory.support.AbstractAutowireCapableBeanFactory.doCreateBean(AbstractAutowireCapableBeanFactory.java:565)
	at org.springframework.beans.factory.support.AbstractAutowireCapableBeanFactory.createBean(AbstractAutowireCapableBeanFactory.java:525)
	at org.springframework.beans.factory.support.AbstractBeanFactory.lambda$doGetBean$0(AbstractBeanFactory.java:333)
	at org.springframework.beans.factory.support.DefaultSingletonBeanRegistry.getSingleton(DefaultSingletonBeanRegistry.java:371)
	at org.springframework.beans.factory.support.AbstractBeanFactory.doGetBean(AbstractBeanFactory.java:331)
	at org.springframework.beans.factory.support.AbstractBeanFactory.getBean(AbstractBeanFactory.java:196)
	at org.springframework.beans.factory.support.DefaultListableBeanFactory.instantiateSingleton(DefaultListableBeanFactory.java:1225)
	at org.springframework.beans.factory.support.DefaultListableBeanFactory.preInstantiateSingleton(DefaultListableBeanFactory.java:1191)
	at org.springframework.beans.factory.support.DefaultListableBeanFactory.preInstantiateSingletons(DefaultListableBeanFactory.java:1121)
	at org.springframework.context.support.AbstractApplicationContext.finishBeanFactoryInitialization(AbstractApplicationContext.java:994)
	at org.springframework.context.support.AbstractApplicationContext.refresh(AbstractApplicationContext.java:621)
	at org.springframework.boot.web.server.servlet.context.ServletWebServerApplicationContext.refresh(ServletWebServerApplicationContext.java:143)
	at org.springframework.boot.SpringApplication.refresh(SpringApplication.java:756)
	at org.springframework.boot.SpringApplication.refreshContext(SpringApplication.java:445)
	at org.springframework.boot.SpringApplication.run(SpringApplication.java:321)
	at org.springframework.boot.SpringApplication.run(SpringApplication.java:1365)
	at org.springframework.boot.SpringApplication.run(SpringApplication.java:1354)
	at com.blog.blogserverjava.BlogServerJavaApplication.main(BlogServerJavaApplication.java:12)
	at java.base/jdk.internal.reflect.DirectMethodHandleAccessor.invoke(DirectMethodHandleAccessor.java:103)
	at java.base/java.lang.reflect.Method.invoke(Method.java:580)
	at org.springframework.boot.devtools.restart.RestartLauncher.run(RestartLauncher.java:52)
Caused by: org.springframework.beans.factory.UnsatisfiedDependencyException: Error creating bean with name 'adminUserServiceImpl' defined in file [D:\study\project\blog-server-java\target\classes\com\blog\blogserverjava\service\impl\AdminUserServiceImpl.class]: Unsatisfied dependency expressed through constructor parameter 0: Error creating bean with name 'adminUserMapper' defined in file [D:\study\project\blog-server-java\target\classes\com\blog\blogserverjava\mapper\AdminUserMapper.class]: Property 'sqlSessionFactory' or 'sqlSessionTemplate' are required
	at org.springframework.beans.factory.support.ConstructorResolver.createArgumentArray(ConstructorResolver.java:804)
	at org.springframework.beans.factory.support.ConstructorResolver.autowireConstructor(ConstructorResolver.java:240)
	at org.springframework.beans.factory.support.AbstractAutowireCapableBeanFactory.autowireConstructor(AbstractAutowireCapableBeanFactory.java:1380)
	at org.springframework.beans.factory.support.AbstractAutowireCapableBeanFactory.createBeanInstance(AbstractAutowireCapableBeanFactory.java:1219)
	at org.springframework.beans.factory.support.AbstractAutowireCapableBeanFactory.doCreateBean(AbstractAutowireCapableBeanFactory.java:565)
	at org.springframework.beans.factory.support.AbstractAutowireCapableBeanFactory.createBean(AbstractAutowireCapableBeanFactory.java:525)
	at org.springframework.beans.factory.support.AbstractBeanFactory.lambda$doGetBean$0(AbstractBeanFactory.java:333)
	at org.springframework.beans.factory.support.DefaultSingletonBeanRegistry.getSingleton(DefaultSingletonBeanRegistry.java:371)
	at org.springframework.beans.factory.support.AbstractBeanFactory.doGetBean(AbstractBeanFactory.java:331)
	at org.springframework.beans.factory.support.AbstractBeanFactory.getBean(AbstractBeanFactory.java:201)
	at org.springframework.beans.factory.config.DependencyDescriptor.resolveCandidate(DependencyDescriptor.java:229)
	at org.springframework.beans.factory.support.DefaultListableBeanFactory.doResolveDependency(DefaultListableBeanFactory.java:1769)
	at org.springframework.beans.factory.support.DefaultListableBeanFactory.resolveDependency(DefaultListableBeanFactory.java:1658)
	at org.springframework.beans.factory.support.ConstructorResolver.resolveAutowiredArgument(ConstructorResolver.java:912)
	at org.springframework.beans.factory.support.ConstructorResolver.createArgumentArray(ConstructorResolver.java:791)
	... 24 common frames omitted
Caused by: org.springframework.beans.factory.BeanCreationException: Error creating bean with name 'adminUserMapper' defined in file [D:\study\project\blog-server-java\target\classes\com\blog\blogserverjava\mapper\AdminUserMapper.class]: Property 'sqlSessionFactory' or 'sqlSessionTemplate' are required
	at org.springframework.beans.factory.support.AbstractAutowireCapableBeanFactory.initializeBean(AbstractAutowireCapableBeanFactory.java:1815)
	at org.springframework.beans.factory.support.AbstractAutowireCapableBeanFactory.doCreateBean(AbstractAutowireCapableBeanFactory.java:603)
	at org.springframework.beans.factory.support.AbstractAutowireCapableBeanFactory.createBean(AbstractAutowireCapableBeanFactory.java:525)
	at org.springframework.beans.factory.support.AbstractBeanFactory.lambda$doGetBean$0(AbstractBeanFactory.java:333)
	at org.springframework.beans.factory.support.DefaultSingletonBeanRegistry.getSingleton(DefaultSingletonBeanRegistry.java:371)
	at org.springframework.beans.factory.support.AbstractBeanFactory.doGetBean(AbstractBeanFactory.java:331)
	at org.springframework.beans.factory.support.AbstractBeanFactory.getBean(AbstractBeanFactory.java:201)
	at org.springframework.beans.factory.support.DefaultListableBeanFactory.resolveBean(DefaultListableBeanFactory.java:1232)
	at org.springframework.beans.factory.support.DefaultListableBeanFactory.doResolveDependency(DefaultListableBeanFactory.java:1711)
	at org.springframework.beans.factory.support.DefaultListableBeanFactory.resolveDependency(DefaultListableBeanFactory.java:1658)
	at org.springframework.beans.factory.support.ConstructorResolver.resolveAutowiredArgument(ConstructorResolver.java:912)
	at org.springframework.beans.factory.support.ConstructorResolver.createArgumentArray(ConstructorResolver.java:791)
	... 38 common frames omitted
Caused by: java.lang.IllegalArgumentException: Property 'sqlSessionFactory' or 'sqlSessionTemplate' are required
	at org.springframework.util.Assert.notNull(Assert.java:182)
	at org.mybatis.spring.support.SqlSessionDaoSupport.checkDaoConfig(SqlSessionDaoSupport.java:122)
	at org.mybatis.spring.mapper.MapperFactoryBean.checkDaoConfig(MapperFactoryBean.java:69)
	at org.springframework.dao.support.DaoSupport.afterPropertiesSet(DaoSupport.java:46)
	at org.springframework.beans.factory.support.AbstractAutowireCapableBeanFactory.invokeInitMethods(AbstractAutowireCapableBeanFactory.java:1862)
	at org.springframework.beans.factory.support.AbstractAutowireCapableBeanFactory.initializeBean(AbstractAutowireCapableBeanFactory.java:1811)
	... 49 common frames omitted
2026-07-14 23:36:19 [INFO ] : HV000001: Hibernate Validator 8.0.2.Final
2026-07-14 23:36:19 [INFO ] : Starting BlogServerJavaApplication using Java 21.0.11 with PID 27064 (D:\study\project\blog-server-java\target\classes started by Admin in D:\study\project\blog-server-java)
2026-07-14 23:36:19 [INFO ] : No active profile set, falling back to 1 default profile: "default"
2026-07-14 23:36:19 [INFO ] : Devtools property defaults active! Set 'spring.devtools.add-properties' to 'false' to disable
2026-07-14 23:36:19 [INFO ] : For additional web related logging consider setting the 'logging.level.web' property to 'DEBUG'
2026-07-14 23:36:19 [INFO ] : Multiple Spring Data modules found, entering strict repository configuration mode
2026-07-14 23:36:19 [INFO ] : Bootstrapping Spring Data Redis repositories in DEFAULT mode.
2026-07-14 23:36:19 [INFO ] : Finished Spring Data repository scanning in 7 ms. Found 0 Redis repository interfaces.
2026-07-14 23:36:19 [INFO ] : Tomcat initialized with port 8089 (http)
2026-07-14 23:36:19 [INFO ] : Initializing ProtocolHandler ["http-nio-8089"]
2026-07-14 23:36:19 [INFO ] : Starting service [Tomcat]
2026-07-14 23:36:19 [INFO ] : Starting Servlet engine: [Apache Tomcat/10.1.40]
2026-07-14 23:36:19 [INFO ] : Initializing Spring embedded WebApplicationContext
2026-07-14 23:36:19 [INFO ] : Root WebApplicationContext: initialization completed in 561 ms
2026-07-14 23:36:19 [INFO ] : HikariPool-1 - Starting...
2026-07-14 23:36:19 [INFO ] : HikariPool-1 - Added connection org.postgresql.jdbc.PgConnection@193178f1
2026-07-14 23:36:19 [INFO ] : HikariPool-1 - Start completed.
2026-07-14 23:36:20 [WARN ] : Exception encountered during context initialization - cancelling refresh attempt: org.springframework.beans.factory.UnsatisfiedDependencyException: Error creating bean with name 'adminUserController' defined in file [D:\study\project\blog-server-java\target\classes\com\blog\blogserverjava\controller\AdminUserController.class]: Unsatisfied dependency expressed through constructor parameter 0: Error creating bean with name 'adminUserServiceImpl' defined in file [D:\study\project\blog-server-java\target\classes\com\blog\blogserverjava\service\impl\AdminUserServiceImpl.class]: Unsatisfied dependency expressed through constructor parameter 1: Error creating bean with name 'jwtUtils': Injection of autowired dependencies failed
2026-07-14 23:36:20 [INFO ] : HikariPool-1 - Shutdown initiated...
2026-07-14 23:36:20 [INFO ] : HikariPool-1 - Shutdown completed.
2026-07-14 23:36:20 [INFO ] : Stopping service [Tomcat]
2026-07-14 23:36:20 [INFO ] : 

Error starting ApplicationContext. To display the condition evaluation report re-run your application with 'debug' enabled.
2026-07-14 23:36:20 [ERROR] : Application run failed
org.springframework.beans.factory.UnsatisfiedDependencyException: Error creating bean with name 'adminUserController' defined in file [D:\study\project\blog-server-java\target\classes\com\blog\blogserverjava\controller\AdminUserController.class]: Unsatisfied dependency expressed through constructor parameter 0: Error creating bean with name 'adminUserServiceImpl' defined in file [D:\study\project\blog-server-java\target\classes\com\blog\blogserverjava\service\impl\AdminUserServiceImpl.class]: Unsatisfied dependency expressed through constructor parameter 1: Error creating bean with name 'jwtUtils': Injection of autowired dependencies failed
	at org.springframework.beans.factory.support.ConstructorResolver.createArgumentArray(ConstructorResolver.java:804)
	at org.springframework.beans.factory.support.ConstructorResolver.autowireConstructor(ConstructorResolver.java:240)
	at org.springframework.beans.factory.support.AbstractAutowireCapableBeanFactory.autowireConstructor(AbstractAutowireCapableBeanFactory.java:1387)
	at org.springframework.beans.factory.support.AbstractAutowireCapableBeanFactory.createBeanInstance(AbstractAutowireCapableBeanFactory.java:1224)
	at org.springframework.beans.factory.support.AbstractAutowireCapableBeanFactory.doCreateBean(AbstractAutowireCapableBeanFactory.java:569)
	at org.springframework.beans.factory.support.AbstractAutowireCapableBeanFactory.createBean(AbstractAutowireCapableBeanFactory.java:529)
	at org.springframework.beans.factory.support.AbstractBeanFactory.lambda$doGetBean$0(AbstractBeanFactory.java:339)
	at org.springframework.beans.factory.support.DefaultSingletonBeanRegistry.getSingleton(DefaultSingletonBeanRegistry.java:371)
	at org.springframework.beans.factory.support.AbstractBeanFactory.doGetBean(AbstractBeanFactory.java:337)
	at org.springframework.beans.factory.support.AbstractBeanFactory.getBean(AbstractBeanFactory.java:202)
	at org.springframework.beans.factory.support.DefaultListableBeanFactory.instantiateSingleton(DefaultListableBeanFactory.java:1221)
	at org.springframework.beans.factory.support.DefaultListableBeanFactory.preInstantiateSingleton(DefaultListableBeanFactory.java:1187)
	at org.springframework.beans.factory.support.DefaultListableBeanFactory.preInstantiateSingletons(DefaultListableBeanFactory.java:1122)
	at org.springframework.context.support.AbstractApplicationContext.finishBeanFactoryInitialization(AbstractApplicationContext.java:987)
	at org.springframework.context.support.AbstractApplicationContext.refresh(AbstractApplicationContext.java:627)
	at org.springframework.boot.web.servlet.context.ServletWebServerApplicationContext.refresh(ServletWebServerApplicationContext.java:146)
	at org.springframework.boot.SpringApplication.refresh(SpringApplication.java:753)
	at org.springframework.boot.SpringApplication.refreshContext(SpringApplication.java:439)
	at org.springframework.boot.SpringApplication.run(SpringApplication.java:318)
	at org.springframework.boot.SpringApplication.run(SpringApplication.java:1362)
	at org.springframework.boot.SpringApplication.run(SpringApplication.java:1351)
	at com.blog.blogserverjava.BlogServerJavaApplication.main(BlogServerJavaApplication.java:12)
	at java.base/jdk.internal.reflect.DirectMethodHandleAccessor.invoke(DirectMethodHandleAccessor.java:103)
	at java.base/java.lang.reflect.Method.invoke(Method.java:580)
	at org.springframework.boot.devtools.restart.RestartLauncher.run(RestartLauncher.java:50)
Caused by: org.springframework.beans.factory.UnsatisfiedDependencyException: Error creating bean with name 'adminUserServiceImpl' defined in file [D:\study\project\blog-server-java\target\classes\com\blog\blogserverjava\service\impl\AdminUserServiceImpl.class]: Unsatisfied dependency expressed through constructor parameter 1: Error creating bean with name 'jwtUtils': Injection of autowired dependencies failed
	at org.springframework.beans.factory.support.ConstructorResolver.createArgumentArray(ConstructorResolver.java:804)
	at org.springframework.beans.factory.support.ConstructorResolver.autowireConstructor(ConstructorResolver.java:240)
	at org.springframework.beans.factory.support.AbstractAutowireCapableBeanFactory.autowireConstructor(AbstractAutowireCapableBeanFactory.java:1387)
	at org.springframework.beans.factory.support.AbstractAutowireCapableBeanFactory.createBeanInstance(AbstractAutowireCapableBeanFactory.java:1224)
	at org.springframework.beans.factory.support.AbstractAutowireCapableBeanFactory.doCreateBean(AbstractAutowireCapableBeanFactory.java:569)
	at org.springframework.beans.factory.support.AbstractAutowireCapableBeanFactory.createBean(AbstractAutowireCapableBeanFactory.java:529)
	at org.springframework.beans.factory.support.AbstractBeanFactory.lambda$doGetBean$0(AbstractBeanFactory.java:339)
	at org.springframework.beans.factory.support.DefaultSingletonBeanRegistry.getSingleton(DefaultSingletonBeanRegistry.java:371)
	at org.springframework.beans.factory.support.AbstractBeanFactory.doGetBean(AbstractBeanFactory.java:337)
	at org.springframework.beans.factory.support.AbstractBeanFactory.getBean(AbstractBeanFactory.java:202)
	at org.springframework.beans.factory.config.DependencyDescriptor.resolveCandidate(DependencyDescriptor.java:254)
	at org.springframework.beans.factory.support.DefaultListableBeanFactory.doResolveDependency(DefaultListableBeanFactory.java:1739)
	at org.springframework.beans.factory.support.DefaultListableBeanFactory.resolveDependency(DefaultListableBeanFactory.java:1627)
	at org.springframework.beans.factory.support.ConstructorResolver.resolveAutowiredArgument(ConstructorResolver.java:913)
	at org.springframework.beans.factory.support.ConstructorResolver.createArgumentArray(ConstructorResolver.java:791)
	... 24 common frames omitted
Caused by: org.springframework.beans.factory.BeanCreationException: Error creating bean with name 'jwtUtils': Injection of autowired dependencies failed
	at org.springframework.beans.factory.annotation.AutowiredAnnotationBeanPostProcessor.postProcessProperties(AutowiredAnnotationBeanPostProcessor.java:515)
	at org.springframework.beans.factory.support.AbstractAutowireCapableBeanFactory.populateBean(AbstractAutowireCapableBeanFactory.java:1451)
	at org.springframework.beans.factory.support.AbstractAutowireCapableBeanFactory.doCreateBean(AbstractAutowireCapableBeanFactory.java:606)
	at org.springframework.beans.factory.support.AbstractAutowireCapableBeanFactory.createBean(AbstractAutowireCapableBeanFactory.java:529)
	at org.springframework.beans.factory.support.AbstractBeanFactory.lambda$doGetBean$0(AbstractBeanFactory.java:339)
	at org.springframework.beans.factory.support.DefaultSingletonBeanRegistry.getSingleton(DefaultSingletonBeanRegistry.java:371)
	at org.springframework.beans.factory.support.AbstractBeanFactory.doGetBean(AbstractBeanFactory.java:337)
	at org.springframework.beans.factory.support.AbstractBeanFactory.getBean(AbstractBeanFactory.java:202)
	at org.springframework.beans.factory.config.DependencyDescriptor.resolveCandidate(DependencyDescriptor.java:254)
	at org.springframework.beans.factory.support.DefaultListableBeanFactory.doResolveDependency(DefaultListableBeanFactory.java:1739)
	at org.springframework.beans.factory.support.DefaultListableBeanFactory.resolveDependency(DefaultListableBeanFactory.java:1627)
	at org.springframework.beans.factory.support.ConstructorResolver.resolveAutowiredArgument(ConstructorResolver.java:913)
	at org.springframework.beans.factory.support.ConstructorResolver.createArgumentArray(ConstructorResolver.java:791)
	... 38 common frames omitted
Caused by: org.springframework.util.PlaceholderResolutionException: Could not resolve placeholder 'jwt-expire' in value "${jwt-expire}"
	at org.springframework.util.PlaceholderResolutionException.withValue(PlaceholderResolutionException.java:81)
	at org.springframework.util.PlaceholderParser$ParsedValue.resolve(PlaceholderParser.java:423)
	at org.springframework.util.PlaceholderParser.replacePlaceholders(PlaceholderParser.java:128)
	at org.springframework.util.PropertyPlaceholderHelper.parseStringValue(PropertyPlaceholderHelper.java:118)
	at org.springframework.util.PropertyPlaceholderHelper.replacePlaceholders(PropertyPlaceholderHelper.java:114)
	at org.springframework.core.env.AbstractPropertyResolver.doResolvePlaceholders(AbstractPropertyResolver.java:255)
	at org.springframework.core.env.AbstractPropertyResolver.resolveRequiredPlaceholders(AbstractPropertyResolver.java:226)
	at org.springframework.context.support.PropertySourcesPlaceholderConfigurer.lambda$processProperties$0(PropertySourcesPlaceholderConfigurer.java:201)
	at org.springframework.beans.factory.support.AbstractBeanFactory.resolveEmbeddedValue(AbstractBeanFactory.java:971)
	at org.springframework.beans.factory.support.DefaultListableBeanFactory.doResolveDependency(DefaultListableBeanFactory.java:1649)
	at org.springframework.beans.factory.support.DefaultListableBeanFactory.resolveDependency(DefaultListableBeanFactory.java:1627)
	at org.springframework.beans.factory.annotation.AutowiredAnnotationBeanPostProcessor$AutowiredFieldElement.resolveFieldValue(AutowiredAnnotationBeanPostProcessor.java:785)
	at org.springframework.beans.factory.annotation.AutowiredAnnotationBeanPostProcessor$AutowiredFieldElement.inject(AutowiredAnnotationBeanPostProcessor.java:768)
	at org.springframework.beans.factory.annotation.InjectionMetadata.inject(InjectionMetadata.java:146)
	at org.springframework.beans.factory.annotation.AutowiredAnnotationBeanPostProcessor.postProcessProperties(AutowiredAnnotationBeanPostProcessor.java:509)
	... 50 common frames omitted
2026-07-14 23:37:01 [INFO ] : HV000001: Hibernate Validator 8.0.2.Final
2026-07-14 23:37:01 [INFO ] : Starting BlogServerJavaApplication using Java 21.0.11 with PID 16460 (D:\study\project\blog-server-java\target\classes started by Admin in D:\study\project\blog-server-java)
2026-07-14 23:37:01 [INFO ] : No active profile set, falling back to 1 default profile: "default"
2026-07-14 23:37:01 [INFO ] : Devtools property defaults active! Set 'spring.devtools.add-properties' to 'false' to disable
2026-07-14 23:37:01 [INFO ] : For additional web related logging consider setting the 'logging.level.web' property to 'DEBUG'
2026-07-14 23:37:02 [INFO ] : Multiple Spring Data modules found, entering strict repository configuration mode
2026-07-14 23:37:02 [INFO ] : Bootstrapping Spring Data Redis repositories in DEFAULT mode.
2026-07-14 23:37:02 [INFO ] : Finished Spring Data repository scanning in 8 ms. Found 0 Redis repository interfaces.
2026-07-14 23:37:02 [INFO ] : Tomcat initialized with port 8089 (http)
2026-07-14 23:37:02 [INFO ] : Initializing ProtocolHandler ["http-nio-8089"]
2026-07-14 23:37:02 [INFO ] : Starting service [Tomcat]
2026-07-14 23:37:02 [INFO ] : Starting Servlet engine: [Apache Tomcat/10.1.40]
2026-07-14 23:37:02 [INFO ] : Initializing Spring embedded WebApplicationContext
2026-07-14 23:37:02 [INFO ] : Root WebApplicationContext: initialization completed in 591 ms
2026-07-14 23:37:02 [INFO ] : HikariPool-1 - Starting...
2026-07-14 23:37:02 [INFO ] : HikariPool-1 - Added connection org.postgresql.jdbc.PgConnection@46cadf60
2026-07-14 23:37:02 [INFO ] : HikariPool-1 - Start completed.
2026-07-14 23:37:02 [WARN ] : Exception encountered during context initialization - cancelling refresh attempt: org.springframework.beans.factory.UnsatisfiedDependencyException: Error creating bean with name 'adminUserController' defined in file [D:\study\project\blog-server-java\target\classes\com\blog\blogserverjava\controller\AdminUserController.class]: Unsatisfied dependency expressed through constructor parameter 0: Error creating bean with name 'adminUserServiceImpl' defined in file [D:\study\project\blog-server-java\target\classes\com\blog\blogserverjava\service\impl\AdminUserServiceImpl.class]: Unsatisfied dependency expressed through constructor parameter 1: Error creating bean with name 'jwtUtils': Injection of autowired dependencies failed
2026-07-14 23:37:02 [INFO ] : HikariPool-1 - Shutdown initiated...
2026-07-14 23:37:02 [INFO ] : HikariPool-1 - Shutdown completed.
2026-07-14 23:37:02 [INFO ] : Stopping service [Tomcat]
2026-07-14 23:37:02 [INFO ] : 

Error starting ApplicationContext. To display the condition evaluation report re-run your application with 'debug' enabled.
2026-07-14 23:37:02 [ERROR] : Application run failed
org.springframework.beans.factory.UnsatisfiedDependencyException: Error creating bean with name 'adminUserController' defined in file [D:\study\project\blog-server-java\target\classes\com\blog\blogserverjava\controller\AdminUserController.class]: Unsatisfied dependency expressed through constructor parameter 0: Error creating bean with name 'adminUserServiceImpl' defined in file [D:\study\project\blog-server-java\target\classes\com\blog\blogserverjava\service\impl\AdminUserServiceImpl.class]: Unsatisfied dependency expressed through constructor parameter 1: Error creating bean with name 'jwtUtils': Injection of autowired dependencies failed
	at org.springframework.beans.factory.support.ConstructorResolver.createArgumentArray(ConstructorResolver.java:804)
	at org.springframework.beans.factory.support.ConstructorResolver.autowireConstructor(ConstructorResolver.java:240)
	at org.springframework.beans.factory.support.AbstractAutowireCapableBeanFactory.autowireConstructor(AbstractAutowireCapableBeanFactory.java:1387)
	at org.springframework.beans.factory.support.AbstractAutowireCapableBeanFactory.createBeanInstance(AbstractAutowireCapableBeanFactory.java:1224)
	at org.springframework.beans.factory.support.AbstractAutowireCapableBeanFactory.doCreateBean(AbstractAutowireCapableBeanFactory.java:569)
	at org.springframework.beans.factory.support.AbstractAutowireCapableBeanFactory.createBean(AbstractAutowireCapableBeanFactory.java:529)
	at org.springframework.beans.factory.support.AbstractBeanFactory.lambda$doGetBean$0(AbstractBeanFactory.java:339)
	at org.springframework.beans.factory.support.DefaultSingletonBeanRegistry.getSingleton(DefaultSingletonBeanRegistry.java:371)
	at org.springframework.beans.factory.support.AbstractBeanFactory.doGetBean(AbstractBeanFactory.java:337)
	at org.springframework.beans.factory.support.AbstractBeanFactory.getBean(AbstractBeanFactory.java:202)
	at org.springframework.beans.factory.support.DefaultListableBeanFactory.instantiateSingleton(DefaultListableBeanFactory.java:1221)
	at org.springframework.beans.factory.support.DefaultListableBeanFactory.preInstantiateSingleton(DefaultListableBeanFactory.java:1187)
	at org.springframework.beans.factory.support.DefaultListableBeanFactory.preInstantiateSingletons(DefaultListableBeanFactory.java:1122)
	at org.springframework.context.support.AbstractApplicationContext.finishBeanFactoryInitialization(AbstractApplicationContext.java:987)
	at org.springframework.context.support.AbstractApplicationContext.refresh(AbstractApplicationContext.java:627)
	at org.springframework.boot.web.servlet.context.ServletWebServerApplicationContext.refresh(ServletWebServerApplicationContext.java:146)
	at org.springframework.boot.SpringApplication.refresh(SpringApplication.java:753)
	at org.springframework.boot.SpringApplication.refreshContext(SpringApplication.java:439)
	at org.springframework.boot.SpringApplication.run(SpringApplication.java:318)
	at org.springframework.boot.SpringApplication.run(SpringApplication.java:1362)
	at org.springframework.boot.SpringApplication.run(SpringApplication.java:1351)
	at com.blog.blogserverjava.BlogServerJavaApplication.main(BlogServerJavaApplication.java:12)
	at java.base/jdk.internal.reflect.DirectMethodHandleAccessor.invoke(DirectMethodHandleAccessor.java:103)
	at java.base/java.lang.reflect.Method.invoke(Method.java:580)
	at org.springframework.boot.devtools.restart.RestartLauncher.run(RestartLauncher.java:50)
Caused by: org.springframework.beans.factory.UnsatisfiedDependencyException: Error creating bean with name 'adminUserServiceImpl' defined in file [D:\study\project\blog-server-java\target\classes\com\blog\blogserverjava\service\impl\AdminUserServiceImpl.class]: Unsatisfied dependency expressed through constructor parameter 1: Error creating bean with name 'jwtUtils': Injection of autowired dependencies failed
	at org.springframework.beans.factory.support.ConstructorResolver.createArgumentArray(ConstructorResolver.java:804)
	at org.springframework.beans.factory.support.ConstructorResolver.autowireConstructor(ConstructorResolver.java:240)
	at org.springframework.beans.factory.support.AbstractAutowireCapableBeanFactory.autowireConstructor(AbstractAutowireCapableBeanFactory.java:1387)
	at org.springframework.beans.factory.support.AbstractAutowireCapableBeanFactory.createBeanInstance(AbstractAutowireCapableBeanFactory.java:1224)
	at org.springframework.beans.factory.support.AbstractAutowireCapableBeanFactory.doCreateBean(AbstractAutowireCapableBeanFactory.java:569)
	at org.springframework.beans.factory.support.AbstractAutowireCapableBeanFactory.createBean(AbstractAutowireCapableBeanFactory.java:529)
	at org.springframework.beans.factory.support.AbstractBeanFactory.lambda$doGetBean$0(AbstractBeanFactory.java:339)
	at org.springframework.beans.factory.support.DefaultSingletonBeanRegistry.getSingleton(DefaultSingletonBeanRegistry.java:371)
	at org.springframework.beans.factory.support.AbstractBeanFactory.doGetBean(AbstractBeanFactory.java:337)
	at org.springframework.beans.factory.support.AbstractBeanFactory.getBean(AbstractBeanFactory.java:202)
	at org.springframework.beans.factory.config.DependencyDescriptor.resolveCandidate(DependencyDescriptor.java:254)
	at org.springframework.beans.factory.support.DefaultListableBeanFactory.doResolveDependency(DefaultListableBeanFactory.java:1739)
	at org.springframework.beans.factory.support.DefaultListableBeanFactory.resolveDependency(DefaultListableBeanFactory.java:1627)
	at org.springframework.beans.factory.support.ConstructorResolver.resolveAutowiredArgument(ConstructorResolver.java:913)
	at org.springframework.beans.factory.support.ConstructorResolver.createArgumentArray(ConstructorResolver.java:791)
	... 24 common frames omitted
Caused by: org.springframework.beans.factory.BeanCreationException: Error creating bean with name 'jwtUtils': Injection of autowired dependencies failed
	at org.springframework.beans.factory.annotation.AutowiredAnnotationBeanPostProcessor.postProcessProperties(AutowiredAnnotationBeanPostProcessor.java:515)
	at org.springframework.beans.factory.support.AbstractAutowireCapableBeanFactory.populateBean(AbstractAutowireCapableBeanFactory.java:1451)
	at org.springframework.beans.factory.support.AbstractAutowireCapableBeanFactory.doCreateBean(AbstractAutowireCapableBeanFactory.java:606)
	at org.springframework.beans.factory.support.AbstractAutowireCapableBeanFactory.createBean(AbstractAutowireCapableBeanFactory.java:529)
	at org.springframework.beans.factory.support.AbstractBeanFactory.lambda$doGetBean$0(AbstractBeanFactory.java:339)
	at org.springframework.beans.factory.support.DefaultSingletonBeanRegistry.getSingleton(DefaultSingletonBeanRegistry.java:371)
	at org.springframework.beans.factory.support.AbstractBeanFactory.doGetBean(AbstractBeanFactory.java:337)
	at org.springframework.beans.factory.support.AbstractBeanFactory.getBean(AbstractBeanFactory.java:202)
	at org.springframework.beans.factory.config.DependencyDescriptor.resolveCandidate(DependencyDescriptor.java:254)
	at org.springframework.beans.factory.support.DefaultListableBeanFactory.doResolveDependency(DefaultListableBeanFactory.java:1739)
	at org.springframework.beans.factory.support.DefaultListableBeanFactory.resolveDependency(DefaultListableBeanFactory.java:1627)
	at org.springframework.beans.factory.support.ConstructorResolver.resolveAutowiredArgument(ConstructorResolver.java:913)
	at org.springframework.beans.factory.support.ConstructorResolver.createArgumentArray(ConstructorResolver.java:791)
	... 38 common frames omitted
Caused by: org.springframework.util.PlaceholderResolutionException: Could not resolve placeholder 'jwt-expire' in value "${jwt-expire}"
	at org.springframework.util.PlaceholderResolutionException.withValue(PlaceholderResolutionException.java:81)
	at org.springframework.util.PlaceholderParser$ParsedValue.resolve(PlaceholderParser.java:423)
	at org.springframework.util.PlaceholderParser.replacePlaceholders(PlaceholderParser.java:128)
	at org.springframework.util.PropertyPlaceholderHelper.parseStringValue(PropertyPlaceholderHelper.java:118)
	at org.springframework.util.PropertyPlaceholderHelper.replacePlaceholders(PropertyPlaceholderHelper.java:114)
	at org.springframework.core.env.AbstractPropertyResolver.doResolvePlaceholders(AbstractPropertyResolver.java:255)
	at org.springframework.core.env.AbstractPropertyResolver.resolveRequiredPlaceholders(AbstractPropertyResolver.java:226)
	at org.springframework.context.support.PropertySourcesPlaceholderConfigurer.lambda$processProperties$0(PropertySourcesPlaceholderConfigurer.java:201)
	at org.springframework.beans.factory.support.AbstractBeanFactory.resolveEmbeddedValue(AbstractBeanFactory.java:971)
	at org.springframework.beans.factory.support.DefaultListableBeanFactory.doResolveDependency(DefaultListableBeanFactory.java:1649)
	at org.springframework.beans.factory.support.DefaultListableBeanFactory.resolveDependency(DefaultListableBeanFactory.java:1627)
	at org.springframework.beans.factory.annotation.AutowiredAnnotationBeanPostProcessor$AutowiredFieldElement.resolveFieldValue(AutowiredAnnotationBeanPostProcessor.java:785)
	at org.springframework.beans.factory.annotation.AutowiredAnnotationBeanPostProcessor$AutowiredFieldElement.inject(AutowiredAnnotationBeanPostProcessor.java:768)
	at org.springframework.beans.factory.annotation.InjectionMetadata.inject(InjectionMetadata.java:146)
	at org.springframework.beans.factory.annotation.AutowiredAnnotationBeanPostProcessor.postProcessProperties(AutowiredAnnotationBeanPostProcessor.java:509)
	... 50 common frames omitted
2026-07-14 23:37:37 [INFO ] : HV000001: Hibernate Validator 8.0.2.Final
2026-07-14 23:37:37 [INFO ] : Starting BlogServerJavaApplication using Java 21.0.11 with PID 26860 (D:\study\project\blog-server-java\target\classes started by Admin in D:\study\project\blog-server-java)
2026-07-14 23:37:37 [INFO ] : No active profile set, falling back to 1 default profile: "default"
2026-07-14 23:37:37 [INFO ] : Devtools property defaults active! Set 'spring.devtools.add-properties' to 'false' to disable
2026-07-14 23:37:37 [INFO ] : For additional web related logging consider setting the 'logging.level.web' property to 'DEBUG'
2026-07-14 23:37:37 [INFO ] : Multiple Spring Data modules found, entering strict repository configuration mode
2026-07-14 23:37:37 [INFO ] : Bootstrapping Spring Data Redis repositories in DEFAULT mode.
2026-07-14 23:37:37 [INFO ] : Finished Spring Data repository scanning in 8 ms. Found 0 Redis repository interfaces.
2026-07-14 23:37:38 [INFO ] : Tomcat initialized with port 8089 (http)
2026-07-14 23:37:38 [INFO ] : Initializing ProtocolHandler ["http-nio-8089"]
2026-07-14 23:37:38 [INFO ] : Starting service [Tomcat]
2026-07-14 23:37:38 [INFO ] : Starting Servlet engine: [Apache Tomcat/10.1.40]
2026-07-14 23:37:38 [INFO ] : Initializing Spring embedded WebApplicationContext
2026-07-14 23:37:38 [INFO ] : Root WebApplicationContext: initialization completed in 559 ms
2026-07-14 23:37:38 [INFO ] : HikariPool-1 - Starting...
2026-07-14 23:37:38 [INFO ] : HikariPool-1 - Added connection org.postgresql.jdbc.PgConnection@51299d80
2026-07-14 23:37:38 [INFO ] : HikariPool-1 - Start completed.
2026-07-14 23:37:38 [INFO ] : Register ApplicationContext instances org.springframework.boot.web.servlet.context.AnnotationConfigServletWebServerApplicationContext@7f00923c
2026-07-14 23:37:38 [INFO ] : LiveReload server is running on port 35729
2026-07-14 23:37:38 [INFO ] : Starting ProtocolHandler ["http-nio-8089"]
2026-07-14 23:37:38 [INFO ] : Tomcat started on port 8089 (http) with context path '/api'
2026-07-14 23:37:38 [INFO ] : Started BlogServerJavaApplication in 1.448 seconds (process running for 1.625)
2026-07-14 23:41:44 [INFO ] : Commencing graceful shutdown. Waiting for active requests to complete
2026-07-14 23:41:44 [INFO ] : Graceful shutdown complete
2026-07-14 23:41:44 [INFO ] : HikariPool-1 - Shutdown initiated...
2026-07-14 23:41:44 [INFO ] : HikariPool-1 - Shutdown completed.
2026-07-14 23:41:48 [INFO ] : HV000001: Hibernate Validator 8.0.2.Final
2026-07-14 23:41:48 [INFO ] : Starting BlogServerJavaApplication using Java 21.0.11 with PID 6472 (D:\study\project\blog-server-java\target\classes started by Admin in D:\study\project\blog-server-java)
2026-07-14 23:41:48 [INFO ] : No active profile set, falling back to 1 default profile: "default"
2026-07-14 23:41:48 [INFO ] : Devtools property defaults active! Set 'spring.devtools.add-properties' to 'false' to disable
2026-07-14 23:41:48 [INFO ] : For additional web related logging consider setting the 'logging.level.web' property to 'DEBUG'
2026-07-14 23:41:48 [INFO ] : Multiple Spring Data modules found, entering strict repository configuration mode
2026-07-14 23:41:48 [INFO ] : Bootstrapping Spring Data Redis repositories in DEFAULT mode.
2026-07-14 23:41:48 [INFO ] : Finished Spring Data repository scanning in 8 ms. Found 0 Redis repository interfaces.
2026-07-14 23:41:49 [INFO ] : Tomcat initialized with port 8089 (http)
2026-07-14 23:41:49 [INFO ] : Initializing ProtocolHandler ["http-nio-8089"]
2026-07-14 23:41:49 [INFO ] : Starting service [Tomcat]
2026-07-14 23:41:49 [INFO ] : Starting Servlet engine: [Apache Tomcat/10.1.40]
2026-07-14 23:41:49 [INFO ] : Initializing Spring embedded WebApplicationContext
2026-07-14 23:41:49 [INFO ] : Root WebApplicationContext: initialization completed in 563 ms
2026-07-14 23:41:49 [INFO ] : HikariPool-1 - Starting...
2026-07-14 23:41:49 [INFO ] : HikariPool-1 - Added connection org.postgresql.jdbc.PgConnection@7b63abe0
2026-07-14 23:41:49 [INFO ] : HikariPool-1 - Start completed.
2026-07-14 23:41:49 [INFO ] : Register ApplicationContext instances org.springframework.boot.web.servlet.context.AnnotationConfigServletWebServerApplicationContext@577054db
2026-07-14 23:41:50 [INFO ] : LiveReload server is running on port 35729
2026-07-14 23:41:50 [INFO ] : Starting ProtocolHandler ["http-nio-8089"]
2026-07-14 23:41:50 [INFO ] : Tomcat started on port 8089 (http) with context path '/api'
2026-07-14 23:41:50 [INFO ] : Started BlogServerJavaApplication in 1.598 seconds (process running for 1.792)
2026-07-14 23:44:00 [INFO ] : Initializing Spring DispatcherServlet 'dispatcherServlet'
2026-07-14 23:44:00 [INFO ] : Initializing Servlet 'dispatcherServlet'
2026-07-14 23:44:00 [INFO ] : Completed initialization in 1 ms
2026-07-14 23:44:00 [WARN ] : Resolved [org.springframework.http.converter.HttpMessageNotReadableException: Required request body is missing: public com.blog.blogserverjava.common.Result<com.blog.blogserverjava.dto.admin.LoginResponse> com.blog.blogserverjava.controller.AdminUserController.login(com.blog.blogserverjava.dto.admin.LoginRequest)]
2026-07-14 23:48:55 [INFO ] : Commencing graceful shutdown. Waiting for active requests to complete
2026-07-14 23:48:55 [INFO ] : Graceful shutdown complete
2026-07-14 23:48:55 [INFO ] : HikariPool-1 - Shutdown initiated...
2026-07-14 23:48:55 [INFO ] : HikariPool-1 - Shutdown completed.
2026-07-14 23:48:58 [INFO ] : HV000001: Hibernate Validator 8.0.2.Final
2026-07-14 23:48:58 [INFO ] : Starting BlogServerJavaApplication using Java 21.0.11 with PID 27964 (D:\study\project\blog-server-java\target\classes started by Admin in D:\study\project\blog-server-java)
2026-07-14 23:48:58 [INFO ] : No active profile set, falling back to 1 default profile: "default"
2026-07-14 23:48:58 [INFO ] : Devtools property defaults active! Set 'spring.devtools.add-properties' to 'false' to disable
2026-07-14 23:48:58 [INFO ] : For additional web related logging consider setting the 'logging.level.web' property to 'DEBUG'
2026-07-14 23:48:58 [INFO ] : Multiple Spring Data modules found, entering strict repository configuration mode
2026-07-14 23:48:58 [INFO ] : Bootstrapping Spring Data Redis repositories in DEFAULT mode.
2026-07-14 23:48:58 [INFO ] : Finished Spring Data repository scanning in 7 ms. Found 0 Redis repository interfaces.
2026-07-14 23:48:58 [INFO ] : Tomcat initialized with port 8089 (http)
2026-07-14 23:48:58 [INFO ] : Initializing ProtocolHandler ["http-nio-8089"]
2026-07-14 23:48:58 [INFO ] : Starting service [Tomcat]
2026-07-14 23:48:58 [INFO ] : Starting Servlet engine: [Apache Tomcat/10.1.40]
2026-07-14 23:48:58 [INFO ] : Initializing Spring embedded WebApplicationContext
2026-07-14 23:48:58 [INFO ] : Root WebApplicationContext: initialization completed in 549 ms
2026-07-14 23:48:58 [INFO ] : HikariPool-1 - Starting...
2026-07-14 23:48:58 [INFO ] : HikariPool-1 - Added connection org.postgresql.jdbc.PgConnection@4594d6dd
2026-07-14 23:48:58 [INFO ] : HikariPool-1 - Start completed.
2026-07-14 23:48:59 [INFO ] : Register ApplicationContext instances org.springframework.boot.web.servlet.context.AnnotationConfigServletWebServerApplicationContext@7f00923c
2026-07-14 23:48:59 [INFO ] : LiveReload server is running on port 35729
2026-07-14 23:48:59 [INFO ] : Starting ProtocolHandler ["http-nio-8089"]
2026-07-14 23:48:59 [INFO ] : Tomcat started on port 8089 (http) with context path '/api'
2026-07-14 23:48:59 [INFO ] : Started BlogServerJavaApplication in 1.42 seconds (process running for 1.605)
2026-07-14 23:49:03 [INFO ] : Initializing Spring DispatcherServlet 'dispatcherServlet'
2026-07-14 23:49:03 [INFO ] : Initializing Servlet 'dispatcherServlet'
2026-07-14 23:49:03 [INFO ] : Completed initialization in 1 ms
2026-07-14 23:49:03 [WARN ] : Resolved [org.springframework.http.converter.HttpMessageNotReadableException: Required request body is missing: public com.blog.blogserverjava.common.Result<com.blog.blogserverjava.dto.admin.LoginResponse> com.blog.blogserverjava.controller.AdminUserController.login(com.blog.blogserverjava.dto.admin.LoginRequest)]
2026-07-14 23:49:48 [INFO ] : Commencing graceful shutdown. Waiting for active requests to complete
2026-07-14 23:49:48 [INFO ] : Graceful shutdown complete
2026-07-14 23:49:48 [INFO ] : HikariPool-1 - Shutdown initiated...
2026-07-14 23:49:48 [INFO ] : HikariPool-1 - Shutdown completed.
2026-07-14 23:49:50 [INFO ] : HV000001: Hibernate Validator 8.0.2.Final
2026-07-14 23:49:50 [INFO ] : Starting BlogServerJavaApplication using Java 21.0.11 with PID 7684 (D:\study\project\blog-server-java\target\classes started by Admin in D:\study\project\blog-server-java)
2026-07-14 23:49:50 [INFO ] : No active profile set, falling back to 1 default profile: "default"
2026-07-14 23:49:50 [INFO ] : Devtools property defaults active! Set 'spring.devtools.add-properties' to 'false' to disable
2026-07-14 23:49:50 [INFO ] : For additional web related logging consider setting the 'logging.level.web' property to 'DEBUG'
2026-07-14 23:49:50 [INFO ] : Multiple Spring Data modules found, entering strict repository configuration mode
2026-07-14 23:49:50 [INFO ] : Bootstrapping Spring Data Redis repositories in DEFAULT mode.
2026-07-14 23:49:50 [INFO ] : Finished Spring Data repository scanning in 7 ms. Found 0 Redis repository interfaces.
2026-07-14 23:49:50 [INFO ] : Tomcat initialized with port 8089 (http)
2026-07-14 23:49:50 [INFO ] : Initializing ProtocolHandler ["http-nio-8089"]
2026-07-14 23:49:50 [INFO ] : Starting service [Tomcat]
2026-07-14 23:49:50 [INFO ] : Starting Servlet engine: [Apache Tomcat/10.1.40]
2026-07-14 23:49:50 [INFO ] : Initializing Spring embedded WebApplicationContext
2026-07-14 23:49:50 [INFO ] : Root WebApplicationContext: initialization completed in 569 ms
2026-07-14 23:49:51 [INFO ] : HikariPool-1 - Starting...
2026-07-14 23:49:51 [INFO ] : HikariPool-1 - Added connection org.postgresql.jdbc.PgConnection@45a4fec1
2026-07-14 23:49:51 [INFO ] : HikariPool-1 - Start completed.
2026-07-14 23:49:51 [INFO ] : Register ApplicationContext instances org.springframework.boot.web.servlet.context.AnnotationConfigServletWebServerApplicationContext@7f00923c
2026-07-14 23:49:51 [INFO ] : LiveReload server is running on port 35729
2026-07-14 23:49:51 [INFO ] : Starting ProtocolHandler ["http-nio-8089"]
2026-07-14 23:49:51 [INFO ] : Tomcat started on port 8089 (http) with context path '/api'
2026-07-14 23:49:51 [INFO ] : Started BlogServerJavaApplication in 1.462 seconds (process running for 1.653)
2026-07-14 23:49:53 [INFO ] : Initializing Spring DispatcherServlet 'dispatcherServlet'
2026-07-14 23:49:53 [INFO ] : Initializing Servlet 'dispatcherServlet'
2026-07-14 23:49:53 [INFO ] : Completed initialization in 0 ms
2026-07-14 23:49:53 [WARN ] : Resolved [org.springframework.web.HttpRequestMethodNotSupportedException: Request method 'GET' is not supported]
2026-07-14 23:49:59 [WARN ] : Resolved [org.springframework.http.converter.HttpMessageNotReadableException: Required request body is missing: public com.blog.blogserverjava.common.Result<com.blog.blogserverjava.dto.admin.LoginResponse> com.blog.blogserverjava.controller.AdminUserController.login(com.blog.blogserverjava.dto.admin.LoginRequest)]
2026-07-14 23:50:04 [WARN ] : Resolved [org.springframework.http.converter.HttpMessageNotReadableException: Required request body is missing: public com.blog.blogserverjava.common.Result<com.blog.blogserverjava.dto.admin.LoginResponse> com.blog.blogserverjava.controller.AdminUserController.login(com.blog.blogserverjava.dto.admin.LoginRequest)]
2026-07-14 23:55:15 [WARN ] : Resolved [org.springframework.http.converter.HttpMessageNotReadableException: Required request body is missing: public com.blog.blogserverjava.common.Result<com.blog.blogserverjava.dto.admin.LoginResponse> com.blog.blogserverjava.controller.AdminUserController.login(com.blog.blogserverjava.dto.admin.LoginRequest)]
2026-07-14 23:55:19 [INFO ] : Commencing graceful shutdown. Waiting for active requests to complete
2026-07-14 23:55:19 [INFO ] : Graceful shutdown complete
2026-07-14 23:55:19 [INFO ] : HikariPool-1 - Shutdown initiated...
2026-07-14 23:55:19 [INFO ] : HikariPool-1 - Shutdown completed.
2026-07-14 23:55:21 [INFO ] : HV000001: Hibernate Validator 8.0.2.Final
2026-07-14 23:55:21 [INFO ] : Starting BlogServerJavaApplication using Java 21.0.11 with PID 26976 (D:\study\project\blog-server-java\target\classes started by Admin in D:\study\project\blog-server-java)
2026-07-14 23:55:21 [INFO ] : No active profile set, falling back to 1 default profile: "default"
2026-07-14 23:55:21 [INFO ] : Devtools property defaults active! Set 'spring.devtools.add-properties' to 'false' to disable
2026-07-14 23:55:21 [INFO ] : For additional web related logging consider setting the 'logging.level.web' property to 'DEBUG'
2026-07-14 23:55:21 [INFO ] : Multiple Spring Data modules found, entering strict repository configuration mode
2026-07-14 23:55:21 [INFO ] : Bootstrapping Spring Data Redis repositories in DEFAULT mode.
2026-07-14 23:55:21 [INFO ] : Finished Spring Data repository scanning in 7 ms. Found 0 Redis repository interfaces.
2026-07-14 23:55:22 [INFO ] : Tomcat initialized with port 8089 (http)
2026-07-14 23:55:22 [INFO ] : Initializing ProtocolHandler ["http-nio-8089"]
2026-07-14 23:55:22 [INFO ] : Starting service [Tomcat]
2026-07-14 23:55:22 [INFO ] : Starting Servlet engine: [Apache Tomcat/10.1.40]
2026-07-14 23:55:22 [INFO ] : Initializing Spring embedded WebApplicationContext
2026-07-14 23:55:22 [INFO ] : Root WebApplicationContext: initialization completed in 563 ms
2026-07-14 23:55:22 [INFO ] : HikariPool-1 - Starting...
2026-07-14 23:55:22 [INFO ] : HikariPool-1 - Added connection org.postgresql.jdbc.PgConnection@79e4fc12
2026-07-14 23:55:22 [INFO ] : HikariPool-1 - Start completed.
2026-07-14 23:55:22 [INFO ] : Register ApplicationContext instances org.springframework.boot.web.servlet.context.AnnotationConfigServletWebServerApplicationContext@577054db
2026-07-14 23:55:22 [INFO ] : LiveReload server is running on port 35729
2026-07-14 23:55:22 [INFO ] : Starting ProtocolHandler ["http-nio-8089"]
2026-07-14 23:55:22 [INFO ] : Tomcat started on port 8089 (http) with context path '/api'
2026-07-14 23:55:22 [INFO ] : Started BlogServerJavaApplication in 1.555 seconds (process running for 1.741)
2026-07-14 23:55:28 [INFO ] : Initializing Spring DispatcherServlet 'dispatcherServlet'
2026-07-14 23:55:28 [INFO ] : Initializing Servlet 'dispatcherServlet'
2026-07-14 23:55:28 [INFO ] : Completed initialization in 1 ms
2026-07-14 23:55:28 [WARN ] : Resolved [org.springframework.http.converter.HttpMessageNotReadableException: Required request body is missing: public com.blog.blogserverjava.common.Result<com.blog.blogserverjava.dto.admin.LoginResponse> com.blog.blogserverjava.controller.AdminUserController.login(com.blog.blogserverjava.dto.admin.LoginRequest)]
2026-07-14 23:56:12 [INFO ] : Commencing graceful shutdown. Waiting for active requests to complete
2026-07-14 23:56:12 [INFO ] : Graceful shutdown complete
2026-07-14 23:56:12 [INFO ] : HikariPool-1 - Shutdown initiated...
2026-07-14 23:56:12 [INFO ] : HikariPool-1 - Shutdown completed.
2026-07-14 23:56:14 [INFO ] : HV000001: Hibernate Validator 8.0.2.Final
2026-07-14 23:56:14 [INFO ] : Starting BlogServerJavaApplication using Java 21.0.11 with PID 28080 (D:\study\project\blog-server-java\target\classes started by Admin in D:\study\project\blog-server-java)
2026-07-14 23:56:14 [INFO ] : No active profile set, falling back to 1 default profile: "default"
2026-07-14 23:56:14 [INFO ] : Devtools property defaults active! Set 'spring.devtools.add-properties' to 'false' to disable
2026-07-14 23:56:14 [INFO ] : For additional web related logging consider setting the 'logging.level.web' property to 'DEBUG'
2026-07-14 23:56:15 [INFO ] : Multiple Spring Data modules found, entering strict repository configuration mode
2026-07-14 23:56:15 [INFO ] : Bootstrapping Spring Data Redis repositories in DEFAULT mode.
2026-07-14 23:56:15 [INFO ] : Finished Spring Data repository scanning in 7 ms. Found 0 Redis repository interfaces.
2026-07-14 23:56:15 [INFO ] : Tomcat initialized with port 8089 (http)
2026-07-14 23:56:15 [INFO ] : Initializing ProtocolHandler ["http-nio-8089"]
2026-07-14 23:56:15 [INFO ] : Starting service [Tomcat]
2026-07-14 23:56:15 [INFO ] : Starting Servlet engine: [Apache Tomcat/10.1.40]
2026-07-14 23:56:15 [INFO ] : Initializing Spring embedded WebApplicationContext
2026-07-14 23:56:15 [INFO ] : Root WebApplicationContext: initialization completed in 559 ms
2026-07-14 23:56:15 [INFO ] : HikariPool-1 - Starting...
2026-07-14 23:56:15 [INFO ] : HikariPool-1 - Added connection org.postgresql.jdbc.PgConnection@6bc47f38
2026-07-14 23:56:15 [INFO ] : HikariPool-1 - Start completed.
2026-07-14 23:56:15 [INFO ] : Register ApplicationContext instances org.springframework.boot.web.servlet.context.AnnotationConfigServletWebServerApplicationContext@577054db
2026-07-14 23:56:16 [INFO ] : LiveReload server is running on port 35729
2026-07-14 23:56:16 [INFO ] : Starting ProtocolHandler ["http-nio-8089"]
2026-07-14 23:56:16 [INFO ] : Tomcat started on port 8089 (http) with context path '/api'
2026-07-14 23:56:16 [INFO ] : Started BlogServerJavaApplication in 1.561 seconds (process running for 1.754)
2026-07-14 23:56:18 [INFO ] : Initializing Spring DispatcherServlet 'dispatcherServlet'
2026-07-14 23:56:18 [INFO ] : Initializing Servlet 'dispatcherServlet'
2026-07-14 23:56:18 [INFO ] : Completed initialization in 0 ms
2026-07-14 23:56:18 [WARN ] : Resolved [org.springframework.http.converter.HttpMessageNotReadableException: Required request body is missing: public com.blog.blogserverjava.common.Result<com.blog.blogserverjava.dto.admin.LoginResponse> com.blog.blogserverjava.controller.AdminUserController.login(com.blog.blogserverjava.dto.admin.LoginRequest)]
2026-07-14 23:56:35 [WARN ] : Resolved [org.springframework.web.HttpMediaTypeNotSupportedException: Content-Type 'application/x-www-form-urlencoded;charset=UTF-8' is not supported]
2026-07-14 23:56:45 [WARN ] : Resolved [org.springframework.web.HttpMediaTypeNotSupportedException: Content-Type 'application/x-www-form-urlencoded;charset=UTF-8' is not supported]
